{
    "3326B447-6C06-4EF1-981E-5F7AABB5B5A6": {
        "Access Control": [
            {
                "ID": "c29215ba-26ff-4e58-9cf0-fac5781f9710",
                "Identity": {
                    "Datasource Class": "Auth",
                    "Datasource ID": "Seeq",
                    "Datasource Name": "Seeq",
                    "Email": "mark.derbecker@seeq.com",
                    "First Name": "Mark",
                    "ID": "AA61A752-1579-4191-AC30-3BBB21696D4F",
                    "Is Admin": true,
                    "Last Name": "Derbecker",
                    "Name": "Mark Derbecker",
                    "Type": "User",
                    "Username": "mark.derbecker@seeq.com"
                },
                "Origin": null,
                "Permissions": {
                    "Manage": true,
                    "Read": true,
                    "Write": true
                },
                "Redacted": false,
                "Role": "OWNER"
            },
            {
                "ID": "de7914b0-5eae-46a6-bec4-cd1ed2b7f40b",
                "Identity": {
                    "Datasource Class": "Auth",
                    "Datasource ID": "Seeq",
                    "Datasource Name": "Seeq",
                    "Email": "mark.derbecker@seeq.com",
                    "First Name": "Mark",
                    "ID": "AA61A752-1579-4191-AC30-3BBB21696D4F",
                    "Is Admin": true,
                    "Last Name": "Derbecker",
                    "Name": "Mark Derbecker",
                    "Type": "User",
                    "Username": "mark.derbecker@seeq.com"
                },
                "Origin": "4706BBDD-4846-4ED0-BE7A-0FE1E8862D64",
                "Permissions": {
                    "Manage": true,
                    "Read": true,
                    "Write": true
                },
                "Redacted": false,
                "Role": null
            }
        ],
        "Ancestors": [],
        "Archived": false,
        "Cache Enabled": false,
        "Created At": "1655947473552586700",
        "Description": "Analysis and Topic templates for use by the Report and Dashboard Templates documentation notebook.",
        "Enabled": true,
        "ID": "3326B447-6C06-4EF1-981E-5F7AABB5B5A6",
        "Name": "Report and Dashboard Templates",
        "Owner": {
            "Datasource Class": "Auth",
            "Datasource ID": "Seeq",
            "Datasource Name": "Seeq",
            "Email": "mark.derbecker@seeq.com",
            "First Name": "Mark",
            "ID": "AA61A752-1579-4191-AC30-3BBB21696D4F",
            "Is Admin": true,
            "Last Name": "Derbecker",
            "Name": "Mark Derbecker",
            "Redacted": false,
            "Type": "User",
            "Username": "mark.derbecker@seeq.com"
        },
        "Type": "Folder",
        "Unsearchable": false,
        "Updated At": "1655947473552586700"
    },
    "4706BBDD-4846-4ED0-BE7A-0FE1E8862D64": {
        "Access Control": [
            {
                "ID": "21aa3a0f-8c3f-4cbc-ba91-6eb817d56da1",
                "Identity": {
                    "Datasource Class": "Auth",
                    "Datasource ID": "Seeq",
                    "Datasource Name": "Seeq",
                    "Email": "mark.derbecker@seeq.com",
                    "First Name": "Mark",
                    "ID": "AA61A752-1579-4191-AC30-3BBB21696D4F",
                    "Is Admin": true,
                    "Last Name": "Derbecker",
                    "Name": "Mark Derbecker",
                    "Type": "User",
                    "Username": "mark.derbecker@seeq.com"
                },
                "Origin": null,
                "Permissions": {
                    "Manage": true,
                    "Read": true,
                    "Write": true
                },
                "Redacted": false,
                "Role": "OWNER"
            }
        ],
        "Ancestors": [],
        "Archived": false,
        "Cache Enabled": false,
        "Created At": "1654313433632766100",
        "Enabled": true,
        "ID": "4706BBDD-4846-4ED0-BE7A-0FE1E8862D64",
        "Name": "mark.derbecker@seeq.com",
        "Owner": {
            "Datasource Class": "Auth",
            "Datasource ID": "Seeq",
            "Datasource Name": "Seeq",
            "Email": "mark.derbecker@seeq.com",
            "First Name": "Mark",
            "ID": "AA61A752-1579-4191-AC30-3BBB21696D4F",
            "Is Admin": true,
            "Last Name": "Derbecker",
            "Name": "Mark Derbecker",
            "Redacted": false,
            "Type": "User",
            "Username": "mark.derbecker@seeq.com"
        },
        "Permission Inheritance Disabled": true,
        "Type": "Folder",
        "Unmodifiable": true,
        "Unsearchable": true,
        "Updated At": "1654313433632766100"
    },
    "4B40EAFC-91ED-4AB0-8199-F21AF40A8350": {
        "Archived": false,
        "Asset": "Cooling Tower 1",
        "Cache Enabled": false,
        "Data ID": "root/Cooling Tower 1/Area A",
        "Datasource Class": "Time Series CSV Files",
        "Datasource ID": "Example Data",
        "Enabled": true,
        "ID": "4B40EAFC-91ED-4AB0-8199-F21AF40A8350",
        "Name": "Area A",
        "Path": "Example",
        "Sync Token": "2022-07-15T15:19:29.163824200Z",
        "Type": "Asset",
        "Unsearchable": false
    },
    "8A4F0E26-8A0C-4127-9E11-B67E031C6049": {
        "Ancillaries": [
            {
                "Data ID": null,
                "Datasource Class": null,
                "Datasource ID": null,
                "Description": null,
                "ID": "315538F2-38EE-448E-A9FE-CB53A2771261",
                "Items": [
                    {
                        "ID": "1E1AA2F6-1C15-45A1-9EEC-62D2A0BD4DE5",
                        "Name": "Temperature Warning Upper",
                        "Order": 1,
                        "Type": "CalculatedSignal"
                    },
                    {
                        "ID": "7CFD2CC6-EB1A-4489-BDCC-B702C40065DA",
                        "Name": "Temperature Warning Lower",
                        "Order": 0,
                        "Type": "CalculatedSignal"
                    }
                ],
                "Name": "Warning",
                "Scoped To": "54C62C9E-629B-4A76-B8D6-5348D7D59D5F",
                "Type": "Ancillary"
            },
            {
                "Data ID": null,
                "Datasource Class": null,
                "Datasource ID": null,
                "Description": null,
                "ID": "4EBD3C59-3AC0-492B-AAE7-6A3CA152E7EA",
                "Items": [
                    {
                        "ID": "D5586EDF-FF35-4C8B-85AC-50764C8A806F",
                        "Name": "Temperature Warning Lower",
                        "Order": 0,
                        "Type": "CalculatedSignal"
                    },
                    {
                        "ID": "32302B01-EE96-4A96-B00B-59DBEA2678EE",
                        "Name": "Temperature Warning Upper",
                        "Order": 1,
                        "Type": "CalculatedSignal"
                    }
                ],
                "Name": "Warning",
                "Scoped To": "D833DC83-9A38-48DE-BF45-EB787E9E8375",
                "Type": "Ancillary"
            }
        ],
        "Archived": false,
        "Asset": "Area A",
        "Cache Enabled": false,
        "Cache ID": "82305d71-0d71-45ff-b1ae-57eb15bce721",
        "Cached By Service": true,
        "Data ID": "Area A_Temperature.sim.ts.csv",
        "Datasource Class": "Time Series CSV Files",
        "Datasource ID": "Example Data",
        "Enabled": true,
        "ID": "8A4F0E26-8A0C-4127-9E11-B67E031C6049",
        "Interpolation Method": "Linear",
        "Key Unit Of Measure": "ns",
        "Maximum Interpolation": "2min",
        "Name": "Temperature",
        "Path": "Example >> Cooling Tower 1",
        "Source Maximum Interpolation": "2min",
        "Source Value Unit Of Measure": "\u00b0F",
        "Sync Token": "2022-07-15T15:19:29.163824200Z",
        "Type": "StoredSignal",
        "Unsearchable": false,
        "Value Unit Of Measure": "\u00b0F"
    },
    "B9CDE282-7A1A-4E28-A173-12E7347AB891": {
        "Ancillaries": [
            {
                "Data ID": null,
                "Datasource Class": null,
                "Datasource ID": null,
                "Description": null,
                "ID": "AFDEB6AD-31BB-43BB-8C59-B6C0BAE88756",
                "Items": [
                    {
                        "ID": "A33334D3-6E92-40F2-80E3-95B18D08FAF2",
                        "Name": "Relative Humidity Warning Lower",
                        "Order": 0,
                        "Type": "CalculatedSignal"
                    },
                    {
                        "ID": "C2334AD9-4152-4CAA-BCA6-728A56E47F16",
                        "Name": "Relative Humidity Warning Upper",
                        "Order": 1,
                        "Type": "CalculatedSignal"
                    }
                ],
                "Name": "Warning",
                "Scoped To": "54C62C9E-629B-4A76-B8D6-5348D7D59D5F",
                "Type": "Ancillary"
            }
        ],
        "Archived": false,
        "Asset": "Area A",
        "Cache Enabled": false,
        "Cache ID": "845e215e-1fe2-4b13-9221-b26d22d23608",
        "Cached By Service": true,
        "Data ID": "Area A_Relative Humidity.sim.ts.csv",
        "Datasource Class": "Time Series CSV Files",
        "Datasource ID": "Example Data",
        "Enabled": true,
        "ID": "B9CDE282-7A1A-4E28-A173-12E7347AB891",
        "Interpolation Method": "Linear",
        "Key Unit Of Measure": "ns",
        "Maximum Interpolation": "2min",
        "Name": "Relative Humidity",
        "Path": "Example >> Cooling Tower 1",
        "Source Maximum Interpolation": "2min",
        "Source Value Unit Of Measure": "%",
        "Sync Token": "2022-07-15T15:19:29.163824200Z",
        "Type": "StoredSignal",
        "Unsearchable": false,
        "Value Unit Of Measure": "%"
    },
    "E97BBE1D-F227-4AD7-ADAC-15B54FC50DB3": {
        "Archived": false,
        "Asset": "Area A",
        "Cache Enabled": false,
        "Cache ID": "c2b85877-0e9e-4900-9ce9-859552142e84",
        "Cached By Service": true,
        "Data ID": "Area A_Compressor Power.sim.ts.csv",
        "Datasource Class": "Time Series CSV Files",
        "Datasource ID": "Example Data",
        "Enabled": true,
        "ID": "E97BBE1D-F227-4AD7-ADAC-15B54FC50DB3",
        "Interpolation Method": "Linear",
        "Key Unit Of Measure": "ns",
        "Maximum Interpolation": "2min",
        "Name": "Compressor Power",
        "Path": "Example >> Cooling Tower 1",
        "Source Maximum Interpolation": "2min",
        "Source Value Unit Of Measure": "kW",
        "Sync Token": "2022-07-15T15:19:29.163824200Z",
        "Type": "StoredSignal",
        "Unsearchable": false,
        "Value Unit Of Measure": "kW"
    }
}