{
    "ID": "CF69623A-755B-4D5B-91DA-ABAF6815847B",
    "Type": "Workstep",
    "Data": {
        "version": 1,
        "state": {
            "stores": {
                "sqTrendSeriesStore": {
                    "items": []
                },
                "sqTrendCapsuleSetStore": {
                    "items": []
                },
                "sqTrendScalarStore": {
                    "items": []
                },
                "sqTrendMetricStore": {
                    "items": []
                },
                "sqTrendTableStore": {
                    "items": []
                },
                "sqDurationStore": {
                    "autoUpdate": {
                        "offset": 0
                    },
                    "displayRange": {
                        "start": 1657812125780,
                        "end": 1657898525780
                    },
                    "investigateRange": {
                        "start": 1657293725780,
                        "end": 1657898525780
                    }
                },
                "sqWorksheetStore": {
                    "viewKey": "TREND"
                }
            }
        }
    }
}