{
    "Archived": false,
    "Cache Enabled": false,
    "Created At": "1655947478599286200",
    "Enabled": true,
    "ID": "FADE0364-E39C-41AD-BA33-95198583B63D",
    "Unsearchable": false,
    "Updated At": "1655947832985448500",
    "workbookState": {
        "version": 1,
        "state": {
            "stores": {
                "sqAnnotationStore": {
                    "id": "04FD9A9F-496F-483C-9349-4D76593E1525",
                    "isEditing": true,
                    "isExpanded": false,
                    "width": 0,
                    "height": 0,
                    "isCommentsExpanded": false,
                    "isAnnotatesExpanded": false,
                    "isCkEnabled": true
                }
            }
        }
    },
    "Name": "Analysis Template",
    "Type": "Workbook",
    "Workbook Type": "Analysis",
    "Path": "Users >> mark.derbecker@seeq.com >> Report and Dashboard Templates",
    "Owner": {
        "ID": "AA61A752-1579-4191-AC30-3BBB21696D4F",
        "Type": "User",
        "Name": "Mark Derbecker",
        "Username": "mark.derbecker@seeq.com",
        "First Name": "Mark",
        "Last Name": "Derbecker",
        "Email": "mark.derbecker@seeq.com",
        "Is Admin": true,
        "Datasource Class": "Auth",
        "Datasource ID": "Seeq",
        "Datasource Name": "Seeq",
        "Redacted": false
    },
    "Access Control": [
        {
            "ID": "eb7b1a70-3c0e-45fc-b593-043382292822",
            "Role": null,
            "Origin": "3326B447-6C06-4EF1-981E-5F7AABB5B5A6",
            "Permissions": {
                "Read": true,
                "Write": true,
                "Manage": true
            },
            "Redacted": false,
            "Identity": {
                "ID": "AA61A752-1579-4191-AC30-3BBB21696D4F",
                "Type": "User",
                "Name": "Mark Derbecker",
                "Username": "mark.derbecker@seeq.com",
                "First Name": "Mark",
                "Last Name": "Derbecker",
                "Email": "mark.derbecker@seeq.com",
                "Is Admin": true,
                "Datasource Class": "Auth",
                "Datasource ID": "Seeq",
                "Datasource Name": "Seeq"
            }
        },
        {
            "ID": "e18d4098-b818-4d4d-b58b-3d783afea5e0",
            "Role": "OWNER",
            "Origin": null,
            "Permissions": {
                "Read": true,
                "Write": true,
                "Manage": true
            },
            "Redacted": false,
            "Identity": {
                "ID": "AA61A752-1579-4191-AC30-3BBB21696D4F",
                "Type": "User",
                "Name": "Mark Derbecker",
                "Username": "mark.derbecker@seeq.com",
                "First Name": "Mark",
                "Last Name": "Derbecker",
                "Email": "mark.derbecker@seeq.com",
                "Is Admin": true,
                "Datasource Class": "Auth",
                "Datasource ID": "Seeq",
                "Datasource Name": "Seeq"
            }
        }
    ],
    "Ancestors": [
        "__Users__",
        "4706BBDD-4846-4ED0-BE7A-0FE1E8862D64",
        "3326B447-6C06-4EF1-981E-5F7AABB5B5A6"
    ],
    "Original Server URL": "http://localhost:34216",
    "URL": "http://localhost:34216/3326B447-6C06-4EF1-981E-5F7AABB5B5A6/workbook/FADE0364-E39C-41AD-BA33-95198583B63D/worksheet/86DACAC6-9BDA-4B54-A3CF-0C29C37E0648",
    "Search Folder ID": "3326B447-6C06-4EF1-981E-5F7AABB5B5A6",
    "Worksheets": [
        "86DACAC6-9BDA-4B54-A3CF-0C29C37E0648"
    ]
}