{
    "Archived": false,
    "Cache Enabled": false,
    "Created At": "1655947478685257700",
    "Enabled": true,
    "ID": "86DACAC6-9BDA-4B54-A3CF-0C29C37E0648",
    "Unsearchable": false,
    "Updated At": "1655947832985448500",
    "Name": "Trend",
    "Type": "Worksheet",
    "Annotation ID": "04FD9A9F-496F-483C-9349-4D76593E1525",
    "Current Workstep ID": "39AF2F17-938C-4FF7-A7E1-EE10665C763C",
    "URL": "http://localhost:34216/3326B447-6C06-4EF1-981E-5F7AABB5B5A6/workbook/FADE0364-E39C-41AD-BA33-95198583B63D/worksheet/86DACAC6-9BDA-4B54-A3CF-0C29C37E0648"
}