{
    "15359EB5-57E9-4A60-A5DA-454885854076": {
        "Archived": false,
        "Asset": null,
        "Cache Enabled": true,
        "Cache ID": "f0ddec62-a1fe-4e35-9106-c94829d14d67",
        "Cached By Service": true,
        "Data ID": "15359EB5-57E9-4A60-A5DA-454885854076",
        "Datasource Class": "Seeq Calculations",
        "Datasource ID": "Seeq Calculations",
        "Enabled": true,
        "Formula": [
            "$trainingRange = $inputCondition.toGroup(capsule(\"2018-01-01T21:08:41.352Z\", \"2018-02-01T21:08:41.352Z\"))",
            "referenceTable(5min)",
            "  .addRows($inputSignal, $trainingRange)",
            "  .repeatOver($repeatOverCondition.fragment(), ReferenceTableStat.AveDev, 3)"
        ],
        "Formula Parameters": {
            "inputCondition": "C1C00D7E-5FFC-43CC-9901-8CB99E7E996E",
            "inputSignal": "9564A6B8-8A8F-4F6D-AC63-00EA38962B7A",
            "repeatOverCondition": "C1C00D7E-5FFC-43CC-9901-8CB99E7E996E"
        },
        "ID": "15359EB5-57E9-4A60-A5DA-454885854076",
        "Interpolation Method": "Linear",
        "Key Unit Of Measure": "ns",
        "Maximum Interpolation": "5",
        "Name": "Temp HiHi",
        "Path": null,
        "Scoped To": "D833DC83-9A38-48DE-BF45-EB787E9E8375",
        "Type": "CalculatedSignal",
        "UIConfig": {
            "advancedParametersCollapsed": true,
            "griddingPeriod": {
                "units": "min",
                "value": 5
            },
            "maximumDuration": {
                "units": "day",
                "value": 1
            },
            "multiplier": 3,
            "referenceStat": "AveDev",
            "type": "reference",
            "windowEnd": 1517519321352,
            "windowStart": 1514840921352
        },
        "Unsearchable": false,
        "Value Unit Of Measure": "\u00b0F"
    },
    "2913AEA3-0D61-4271-AF3D-C44CA975B4D7": {
        "Archived": false,
        "Asset": null,
        "Cache Enabled": true,
        "Cache ID": "d9783454-07be-4917-ade6-36ef31286454",
        "Data ID": "2913aea3-0d61-4271-af3d-c44ca975b4d7",
        "Datasource Class": "Seeq Calculations",
        "Datasource ID": "Seeq Calculations",
        "Enabled": true,
        "Formula": "$b.max(capsule('2018-01-01T00:00:00Z', '2018-02-01T00:00:00Z')).value()",
        "Formula Parameters": {
            "b": "9564A6B8-8A8F-4F6D-AC63-00EA38962B7A"
        },
        "ID": "2913AEA3-0D61-4271-AF3D-C44CA975B4D7",
        "Name": "Temperature Limit",
        "Path": null,
        "Scoped To": "D833DC83-9A38-48DE-BF45-EB787E9E8375",
        "Type": "CalculatedScalar",
        "UIConfig": {
            "advancedParametersCollapsed": true,
            "maximumDuration": {
                "units": "day",
                "value": 1
            },
            "type": "power-search"
        },
        "Unit Of Measure": "\u00b0F",
        "Unsearchable": false
    },
    "2E09EBCB-1A2B-4BB9-85C6-24AB7B6E01AF": {
        "Archived": false,
        "Asset": null,
        "Cache Enabled": true,
        "Cache ID": "82bc675c-1131-47d6-9c9d-42818b23281b",
        "Cached By Service": true,
        "Data ID": "2E09EBCB-1A2B-4BB9-85C6-24AB7B6E01AF",
        "Datasource Class": "Seeq Calculations",
        "Datasource ID": "Seeq Calculations",
        "Enabled": true,
        "Formula": [
            "$trainingRange = $inputCondition.toGroup(capsule(\"2018-01-01T21:08:41.352Z\", \"2018-02-01T21:08:41.352Z\"))",
            "referenceTable(5min)",
            "  .addRows($inputSignal, $trainingRange)",
            "  .repeatOver($repeatOverCondition.fragment(), ReferenceTableStat.AveDev, -3)"
        ],
        "Formula Parameters": {
            "inputCondition": "C1C00D7E-5FFC-43CC-9901-8CB99E7E996E",
            "inputSignal": "9564A6B8-8A8F-4F6D-AC63-00EA38962B7A",
            "repeatOverCondition": "C1C00D7E-5FFC-43CC-9901-8CB99E7E996E"
        },
        "ID": "2E09EBCB-1A2B-4BB9-85C6-24AB7B6E01AF",
        "Interpolation Method": "Linear",
        "Key Unit Of Measure": "ns",
        "Maximum Interpolation": "5",
        "Name": "Temp LoLo",
        "Path": null,
        "Scoped To": "D833DC83-9A38-48DE-BF45-EB787E9E8375",
        "Type": "CalculatedSignal",
        "UIConfig": {
            "advancedParametersCollapsed": true,
            "griddingPeriod": {
                "units": "min",
                "value": 5
            },
            "maximumDuration": {
                "units": "day",
                "value": 1
            },
            "multiplier": -3,
            "referenceStat": "AveDev",
            "type": "reference",
            "windowEnd": 1517519321352,
            "windowStart": 1514840921352
        },
        "Unsearchable": false,
        "Value Unit Of Measure": "\u00b0F"
    },
    "32302B01-EE96-4A96-B00B-59DBEA2678EE": {
        "Archived": false,
        "Asset": null,
        "Cache Enabled": true,
        "Cache ID": "be85cdbb-1b19-4eeb-96db-221c2d1d33e0",
        "Cached By Service": true,
        "Data ID": "32302B01-EE96-4A96-B00B-59DBEA2678EE",
        "Datasource Class": "Seeq Calculations",
        "Datasource ID": "Seeq Calculations",
        "Enabled": true,
        "Formula": [
            "$trainingRange = $inputCondition.toGroup(capsule(\"2019-01-01T23:23:27.130Z\", \"2019-02-01T23:23:27.130Z\"), CapsuleBoundary.EnclosedBy)",
            "referenceTable(5min)",
            "  .addRows($inputSignal, $trainingRange)",
            "  .repeatOver($repeatOverCondition.fragment(), ReferenceTableStat.AveDev, 3)"
        ],
        "Formula Parameters": {
            "inputCondition": "C1C00D7E-5FFC-43CC-9901-8CB99E7E996E",
            "inputSignal": "8A4F0E26-8A0C-4127-9E11-B67E031C6049",
            "repeatOverCondition": "C1C00D7E-5FFC-43CC-9901-8CB99E7E996E"
        },
        "ID": "32302B01-EE96-4A96-B00B-59DBEA2678EE",
        "Interpolation Method": "Linear",
        "Key Unit Of Measure": "ns",
        "Maximum Interpolation": "5",
        "Name": "Temperature Warning Upper",
        "Path": null,
        "Scoped To": "D833DC83-9A38-48DE-BF45-EB787E9E8375",
        "Type": "CalculatedSignal",
        "UIConfig": {
            "advancedParametersCollapsed": false,
            "griddingPeriod": {
                "units": "min",
                "value": 5
            },
            "multiplier": 3,
            "referenceStat": "AveDev",
            "type": "reference",
            "windowEnd": 1549063407130,
            "windowStart": 1546385007130
        },
        "Unsearchable": false,
        "Value Unit Of Measure": "\u00b0F"
    },
    "355DE70E-5478-45D9-B14C-94BF76B81F0C": {
        "Archived": false,
        "Asset": null,
        "Cache Enabled": false,
        "Data ID": "355DE70E-5478-45D9-B14C-94BF76B81F0C",
        "Datasource Class": "Seeq Calculations",
        "Datasource ID": "Seeq Calculations",
        "Enabled": true,
        "Formula": "<ThresholdMetric>",
        "Formula Parameters": {
            "Measured Item": "9564A6B8-8A8F-4F6D-AC63-00EA38962B7A",
            "Process Type": "Simple",
            "Thresholds": [
                {
                    "Item ID": "15359EB5-57E9-4A60-A5DA-454885854076",
                    "Priority": {
                        "Color": "#ffdd52",
                        "Level": 2,
                        "Name": "HiHi"
                    }
                },
                {
                    "Item ID": "9564A6B8-8A8F-4F6D-AC63-00EA38962B7A",
                    "Priority": {
                        "Color": "#6263AD",
                        "Level": 1,
                        "Name": "Hi"
                    }
                },
                {
                    "Item ID": "2E09EBCB-1A2B-4BB9-85C6-24AB7B6E01AF",
                    "Priority": {
                        "Color": "#ffdd52",
                        "Level": -2,
                        "Name": "LoLo"
                    }
                }
            ]
        },
        "ID": "355DE70E-5478-45D9-B14C-94BF76B81F0C",
        "Name": "Temperature With Bounds",
        "Path": null,
        "Scoped To": "D833DC83-9A38-48DE-BF45-EB787E9E8375",
        "Type": "ThresholdMetric",
        "UIConfig": {
            "advancedParametersCollapsed": true,
            "type": "threshold-metric"
        },
        "Unsearchable": false
    },
    "38E66380-26C1-4374-B6F2-C8CC91B4932D": {
        "Archived": false,
        "Asset": null,
        "Cache Enabled": false,
        "Data ID": "38E66380-26C1-4374-B6F2-C8CC91B4932D",
        "Datasource Class": "Seeq Calculations",
        "Datasource ID": "Seeq Calculations",
        "Enabled": true,
        "Formula": "conditionTable($yValueSignal1.toStates(capsule(10%, 85%).partition(5%)).toCondition(\"yValueCol1\").toGroup($viewCapsule, CapsuleBoundary.Intersect), \"yValueCol1\", $condition2.toGroup($viewCapsule), \"Value\").addStatColumn(\"signalToAggregate\", $signalToAggregate, average())",
        "Formula Parameters": {
            "condition2": "88BF5D71-421F-45BE-92C1-C907DF978191",
            "signalToAggregate": "9564A6B8-8A8F-4F6D-AC63-00EA38962B7A",
            "viewCapsule": "capsule(\"2018-11-05T04:59:48.188Z\", \"2018-11-12T04:59:48.188Z\")",
            "yValueSignal1": "D581F7B7-9678-4586-A811-1A1F9F878459"
        },
        "ID": "38E66380-26C1-4374-B6F2-C8CC91B4932D",
        "Name": "Temp vs Avg Humidity",
        "Path": null,
        "Scoped To": "D833DC83-9A38-48DE-BF45-EB787E9E8375",
        "Type": "Chart",
        "UIConfig": {
            "advancedParametersCollapsed": true,
            "aggregationConfigs": [
                {
                    "binSize": "5",
                    "id": 1,
                    "mode": "by_y_value",
                    "valid": true,
                    "yValueBinMax": "85",
                    "yValueBinMin": "10",
                    "yValueBinMode": "size"
                },
                {
                    "conditionProperty": "Value",
                    "id": 2,
                    "mode": "by_condition",
                    "valid": true,
                    "yValueBinMode": "size"
                }
            ],
            "includeEmptyBuckets": false,
            "maximumDuration": {
                "units": "day",
                "value": 1
            },
            "mode": "by_y_value",
            "stat": {
                "key": "average",
                "timeUnits": "s"
            },
            "type": "aggregation-bins-table",
            "yValueSignal": ""
        },
        "Unsearchable": false
    },
    "47D091C1-1780-4EA0-BD54-AA6E13213EB8": {
        "Archived": false,
        "Asset": null,
        "Cache Enabled": false,
        "Cache ID": "20b2ae1c-e62d-4b9d-bb6e-f5d5d5bf6a39",
        "Cached By Service": true,
        "Data ID": "[Tag] Area A_Optimizer.sim.ts.csv",
        "Datasource Class": "Time Series CSV Files",
        "Datasource ID": "Example Data",
        "Enabled": true,
        "ID": "47D091C1-1780-4EA0-BD54-AA6E13213EB8",
        "Interpolation Method": "Linear",
        "Key Unit Of Measure": "ns",
        "Maximum Interpolation": "2min",
        "Name": "Area A_Optimizer",
        "Path": null,
        "Source Maximum Interpolation": "2min",
        "Source Value Unit Of Measure": "",
        "Sync Token": "2022-07-15T15:19:29.163824200Z",
        "Type": "StoredSignal",
        "Unsearchable": false,
        "Value Unit Of Measure": ""
    },
    "4B40EAFC-91ED-4AB0-8199-F21AF40A8350": {
        "Archived": false,
        "Asset": "Cooling Tower 1",
        "Cache Enabled": false,
        "Data ID": "root/Cooling Tower 1/Area A",
        "Datasource Class": "Time Series CSV Files",
        "Datasource ID": "Example Data",
        "Enabled": true,
        "ID": "4B40EAFC-91ED-4AB0-8199-F21AF40A8350",
        "Name": "Area A",
        "Path": "Example",
        "Sync Token": "2022-07-15T15:19:29.163824200Z",
        "Type": "Asset",
        "Unsearchable": false
    },
    "51297B6C-9E44-4815-9C17-297ABC4A5D46": {
        "Access Control": [
            {
                "ID": "2f29a19e-6c9e-49ac-b394-1f75864fd569",
                "Identity": {
                    "Datasource Class": "Auth",
                    "Datasource ID": "Seeq",
                    "Datasource Name": "Seeq",
                    "ID": "0BFA187F-6AC5-4DFB-8AC4-25D53EA57FEF",
                    "Name": "Everyone",
                    "Type": "UserGroup"
                },
                "Origin": null,
                "Permissions": {
                    "Manage": true,
                    "Read": true,
                    "Write": true
                },
                "Redacted": false,
                "Role": null
            },
            {
                "ID": "5c149fe9-f332-49da-9deb-02b30a0472ca",
                "Identity": {
                    "Datasource Class": "Auth",
                    "Datasource ID": "Seeq",
                    "Datasource Name": "Seeq",
                    "Email": "mark.derbecker@seeq.com",
                    "First Name": "Mark",
                    "ID": "AA61A752-1579-4191-AC30-3BBB21696D4F",
                    "Is Admin": true,
                    "Last Name": "Derbecker",
                    "Name": "Mark Derbecker",
                    "Type": "User",
                    "Username": "mark.derbecker@seeq.com"
                },
                "Origin": "4706BBDD-4846-4ED0-BE7A-0FE1E8862D64",
                "Permissions": {
                    "Manage": true,
                    "Read": true,
                    "Write": true
                },
                "Redacted": false,
                "Role": null
            },
            {
                "ID": "7bc3b6f8-b95f-4e64-9875-8cf5c70d4517",
                "Identity": {
                    "Datasource Class": "Auth",
                    "Datasource ID": "Seeq",
                    "Datasource Name": "Seeq",
                    "Email": "mark.derbecker@seeq.com",
                    "First Name": "Mark",
                    "ID": "AA61A752-1579-4191-AC30-3BBB21696D4F",
                    "Is Admin": true,
                    "Last Name": "Derbecker",
                    "Name": "Mark Derbecker",
                    "Type": "User",
                    "Username": "mark.derbecker@seeq.com"
                },
                "Origin": null,
                "Permissions": {
                    "Manage": true,
                    "Read": true,
                    "Write": true
                },
                "Redacted": false,
                "Role": null
            },
            {
                "ID": "afe16653-4709-47d1-b67b-c407800a25c1",
                "Identity": {
                    "Datasource Class": "Auth",
                    "Datasource ID": "Seeq",
                    "Datasource Name": "Seeq",
                    "Email": "mark.derbecker@seeq.com",
                    "First Name": "Mark",
                    "ID": "AA61A752-1579-4191-AC30-3BBB21696D4F",
                    "Is Admin": true,
                    "Last Name": "Derbecker",
                    "Name": "Mark Derbecker",
                    "Type": "User",
                    "Username": "mark.derbecker@seeq.com"
                },
                "Origin": null,
                "Permissions": {
                    "Manage": true,
                    "Read": true,
                    "Write": true
                },
                "Redacted": false,
                "Role": "OWNER"
            }
        ],
        "Ancestors": [],
        "Archived": false,
        "Cache Enabled": false,
        "Created At": "1542474564838000000",
        "Description": "This folder contains workbooks to illustrate import/export functionality.",
        "Enabled": true,
        "ID": "51297B6C-9E44-4815-9C17-297ABC4A5D46",
        "Name": "Example Export",
        "Owner": {
            "Datasource Class": "Auth",
            "Datasource ID": "Seeq",
            "Datasource Name": "Seeq",
            "Email": "mark.derbecker@seeq.com",
            "First Name": "Mark",
            "ID": "AA61A752-1579-4191-AC30-3BBB21696D4F",
            "Is Admin": true,
            "Last Name": "Derbecker",
            "Name": "Mark Derbecker",
            "Redacted": false,
            "Type": "User",
            "Username": "mark.derbecker@seeq.com"
        },
        "Type": "Folder",
        "Unsearchable": false,
        "Updated At": "1571753347497016700"
    },
    "553DFA1F-BF27-4679-83FB-B6415B1FECB3": {
        "Archived": false,
        "Asset": null,
        "Cache Enabled": true,
        "Cache ID": "a63993ab-98b2-4db4-a152-5c23f5ec9302",
        "Data ID": "553dfa1f-bf27-4679-83fb-b6415b1fecb3",
        "Datasource Class": "Seeq Calculations",
        "Datasource ID": "Seeq Calculations",
        "Enabled": true,
        "Formula": "$a.validValues().valueSearch(1day, isGreaterThan(90), 5min, isLessThanOrEqualTo(90), 5min)",
        "Formula Parameters": {
            "a": "9564A6B8-8A8F-4F6D-AC63-00EA38962B7A"
        },
        "ID": "553DFA1F-BF27-4679-83FB-B6415B1FECB3",
        "Key Unit Of Measure": "ns",
        "Maximum Duration": "1",
        "Metadata Properties": "",
        "Name": "High Temperature",
        "Path": null,
        "Scoped To": "D833DC83-9A38-48DE-BF45-EB787E9E8375",
        "Type": "CalculatedCondition",
        "UIConfig": {
            "advancedParametersCollapsed": true,
            "limitsParams": {
                "entryCondition": {
                    "duration": {
                        "units": "min",
                        "value": 5
                    },
                    "operator": ">",
                    "value": "90",
                    "value2": null
                },
                "exitCondition": {
                    "duration": {
                        "units": "min",
                        "value": 5
                    },
                    "operator": "<=",
                    "value": "90",
                    "value2": null
                }
            },
            "maximumDuration": {
                "units": "day",
                "value": 1
            },
            "type": "limits"
        },
        "Unsearchable": false
    },
    "5C09B1E4-8E3C-44FC-AFFA-0060D3557D0C": {
        "Archived": false,
        "Asset": null,
        "Cache Enabled": true,
        "Cache ID": "f21f8da3-6d66-4638-9d11-a9113b2c58db",
        "Cached By Service": true,
        "Data ID": "5C09B1E4-8E3C-44FC-AFFA-0060D3557D0C",
        "Datasource Class": "Seeq Calculations",
        "Datasource ID": "Seeq Calculations",
        "Enabled": true,
        "Formula": "$b.move(12h)",
        "Formula Parameters": {
            "b": "9564A6B8-8A8F-4F6D-AC63-00EA38962B7A"
        },
        "ID": "5C09B1E4-8E3C-44FC-AFFA-0060D3557D0C",
        "Interpolation Method": "Linear",
        "Key Unit Of Measure": "ns",
        "Maximum Interpolation": "2",
        "Name": "Delayed Smooth Temperature",
        "Path": null,
        "Scoped To": "D833DC83-9A38-48DE-BF45-EB787E9E8375",
        "Type": "CalculatedSignal",
        "UIConfig": {
            "advancedParametersCollapsed": true,
            "maximumDuration": {
                "units": "day",
                "value": 1
            },
            "type": "power-search"
        },
        "Unsearchable": false,
        "Value Unit Of Measure": "\u00b0F"
    },
    "6ABEEA79-1D4A-4EE8-A237-6C1B8B40B065": {
        "Archived": false,
        "Asset": null,
        "Cache Enabled": true,
        "Cache ID": "dfb701c1-aa34-45d0-8c0c-02eb6ca4bb9c",
        "Data ID": "6abeea79-1d4a-4ee8-a237-6c1b8b40b065",
        "Datasource Class": "Seeq Calculations",
        "Datasource ID": "Seeq Calculations",
        "Enabled": true,
        "Formula": [
            "$deviation1 = $input - $boundary1",
            "$results1 = valueSearch($deviation1, 40h, isGreaterThan(0), 5min, true, isLessThan(0), 5min, true)",
            "$deviation2 = $input - $boundary2",
            "$results2 = valueSearch($deviation2, 40h, isLessThan(0), 5min, true, isGreaterThan(0), 5min, true)",
            "combineWith($results1, $results2)"
        ],
        "Formula Parameters": {
            "boundary1": "32302B01-EE96-4A96-B00B-59DBEA2678EE",
            "boundary2": "D5586EDF-FF35-4C8B-85AC-50764C8A806F",
            "input": "8A4F0E26-8A0C-4127-9E11-B67E031C6049"
        },
        "ID": "6ABEEA79-1D4A-4EE8-A237-6C1B8B40B065",
        "Key Unit Of Measure": "ns",
        "Maximum Duration": "40",
        "Metadata Properties": "",
        "Name": "Temperature Deviation",
        "Path": null,
        "Scoped To": "D833DC83-9A38-48DE-BF45-EB787E9E8375",
        "Type": "CalculatedCondition",
        "UIConfig": {
            "advancedParametersCollapsed": false,
            "condition": "OUTSIDE",
            "endDuration": {
                "units": "min",
                "value": 5
            },
            "endLocation": true,
            "startDuration": {
                "units": "min",
                "value": 5
            },
            "startLocation": true,
            "type": "deviation"
        },
        "Unsearchable": false
    },
    "88BF5D71-421F-45BE-92C1-C907DF978191": {
        "Archived": false,
        "Asset": null,
        "Cache Enabled": true,
        "Cache ID": "7cb9f574-8b86-49cd-9ab9-30d30507fcf5",
        "Data ID": "88bf5d71-421f-45be-92c1-c907df978191",
        "Datasource Class": "Seeq Calculations",
        "Datasource ID": "Seeq Calculations",
        "Enabled": true,
        "Formula": "$b.toCapsules()",
        "Formula Parameters": {
            "b": "D2C089B6-CE85-46FC-8392-E11CC0C08336"
        },
        "ID": "88BF5D71-421F-45BE-92C1-C907DF978191",
        "Key Unit Of Measure": "ns",
        "Maximum Duration": "2",
        "Metadata Properties": "Value=string",
        "Name": "Optimizer Condition",
        "Path": null,
        "Scoped To": "D833DC83-9A38-48DE-BF45-EB787E9E8375",
        "Type": "CalculatedCondition",
        "UIConfig": {
            "advancedParametersCollapsed": true,
            "maximumDuration": {
                "units": "day",
                "value": 1
            },
            "type": "power-search"
        },
        "Unsearchable": false
    },
    "8A4F0E26-8A0C-4127-9E11-B67E031C6049": {
        "Ancillaries": [
            {
                "Data ID": null,
                "Datasource Class": null,
                "Datasource ID": null,
                "Description": null,
                "ID": "315538F2-38EE-448E-A9FE-CB53A2771261",
                "Items": [
                    {
                        "ID": "1E1AA2F6-1C15-45A1-9EEC-62D2A0BD4DE5",
                        "Name": "Temperature Warning Upper",
                        "Order": 1,
                        "Type": "CalculatedSignal"
                    },
                    {
                        "ID": "7CFD2CC6-EB1A-4489-BDCC-B702C40065DA",
                        "Name": "Temperature Warning Lower",
                        "Order": 0,
                        "Type": "CalculatedSignal"
                    }
                ],
                "Name": "Warning",
                "Scoped To": "54C62C9E-629B-4A76-B8D6-5348D7D59D5F",
                "Type": "Ancillary"
            },
            {
                "Data ID": null,
                "Datasource Class": null,
                "Datasource ID": null,
                "Description": null,
                "ID": "4EBD3C59-3AC0-492B-AAE7-6A3CA152E7EA",
                "Items": [
                    {
                        "ID": "D5586EDF-FF35-4C8B-85AC-50764C8A806F",
                        "Name": "Temperature Warning Lower",
                        "Order": 0,
                        "Type": "CalculatedSignal"
                    },
                    {
                        "ID": "32302B01-EE96-4A96-B00B-59DBEA2678EE",
                        "Name": "Temperature Warning Upper",
                        "Order": 1,
                        "Type": "CalculatedSignal"
                    }
                ],
                "Name": "Warning",
                "Scoped To": "D833DC83-9A38-48DE-BF45-EB787E9E8375",
                "Type": "Ancillary"
            }
        ],
        "Archived": false,
        "Asset": "Area A",
        "Cache Enabled": false,
        "Cache ID": "82305d71-0d71-45ff-b1ae-57eb15bce721",
        "Cached By Service": true,
        "Data ID": "Area A_Temperature.sim.ts.csv",
        "Datasource Class": "Time Series CSV Files",
        "Datasource ID": "Example Data",
        "Enabled": true,
        "ID": "8A4F0E26-8A0C-4127-9E11-B67E031C6049",
        "Interpolation Method": "Linear",
        "Key Unit Of Measure": "ns",
        "Maximum Interpolation": "2min",
        "Name": "Temperature",
        "Path": "Example >> Cooling Tower 1",
        "Source Maximum Interpolation": "2min",
        "Source Value Unit Of Measure": "\u00b0F",
        "Sync Token": "2022-07-15T15:19:29.163824200Z",
        "Type": "StoredSignal",
        "Unsearchable": false,
        "Value Unit Of Measure": "\u00b0F"
    },
    "8C048548-8E83-4380-8B24-9DAD56B5C2CF": {
        "Archived": false,
        "Asset": null,
        "Cache Enabled": true,
        "Cache ID": "9a26fedc-c2c0-45b8-a9da-7b89fda01de1",
        "Data ID": "8c048548-8e83-4380-8b24-9dad56b5c2cf",
        "Datasource Class": "Seeq Calculations",
        "Datasource ID": "Seeq Calculations",
        "Enabled": true,
        "Formula": "$a.validValues().valueSearch(1day, isGreaterThan(30), 5min, isLessThanOrEqualTo(30), 5min)",
        "Formula Parameters": {
            "a": "DCED9C36-A4BE-4783-9216-DC06B3F57D8C"
        },
        "ID": "8C048548-8E83-4380-8B24-9DAD56B5C2CF",
        "Key Unit Of Measure": "ns",
        "Maximum Duration": "1",
        "Metadata Properties": "",
        "Name": "High Power",
        "Path": null,
        "Scoped To": "D833DC83-9A38-48DE-BF45-EB787E9E8375",
        "Type": "CalculatedCondition",
        "UIConfig": {
            "advancedParametersCollapsed": true,
            "limitsParams": {
                "entryCondition": {
                    "duration": {
                        "units": "min",
                        "value": 5
                    },
                    "operator": ">",
                    "value": "30",
                    "value2": null
                },
                "exitCondition": {
                    "duration": {
                        "units": "min",
                        "value": 5
                    },
                    "operator": "<=",
                    "value": "30",
                    "value2": null
                }
            },
            "maximumDuration": {
                "units": "day",
                "value": 1
            },
            "type": "limits"
        },
        "Unsearchable": false
    },
    "9564A6B8-8A8F-4F6D-AC63-00EA38962B7A": {
        "Archived": false,
        "Asset": null,
        "Cache Enabled": false,
        "Cache ID": "3b4ebcda-de18-47fb-ac65-99321c8f2b66",
        "Cached By Service": true,
        "Data ID": "[Tag] Area A_Temperature.sim.ts.csv",
        "Datasource Class": "Time Series CSV Files",
        "Datasource ID": "Example Data",
        "Enabled": true,
        "ID": "9564A6B8-8A8F-4F6D-AC63-00EA38962B7A",
        "Interpolation Method": "Linear",
        "Key Unit Of Measure": "ns",
        "Maximum Interpolation": "2min",
        "Name": "Area A_Temperature",
        "Path": null,
        "Source Maximum Interpolation": "2min",
        "Source Value Unit Of Measure": "\u00b0F",
        "Sync Token": "2022-07-15T15:19:29.163824200Z",
        "Type": "StoredSignal",
        "Unsearchable": false,
        "Value Unit Of Measure": "\u00b0F"
    },
    "B396F2A6-CD3C-4AC6-9649-EA5E56379578": {
        "Archived": false,
        "Asset": null,
        "Cache Enabled": false,
        "Cache ID": "02aaa79c-38ac-440b-bec5-61ab2231266a",
        "Cached By Service": true,
        "Data ID": "[Tag] Area A_Wet Bulb.sim.ts.csv",
        "Datasource Class": "Time Series CSV Files",
        "Datasource ID": "Example Data",
        "Enabled": true,
        "ID": "B396F2A6-CD3C-4AC6-9649-EA5E56379578",
        "Interpolation Method": "Linear",
        "Key Unit Of Measure": "ns",
        "Maximum Interpolation": "2min",
        "Name": "Area A_Wet Bulb",
        "Path": null,
        "Source Maximum Interpolation": "2min",
        "Source Value Unit Of Measure": "\u00b0F",
        "Sync Token": "2022-07-15T15:19:29.163824200Z",
        "Type": "StoredSignal",
        "Unsearchable": false,
        "Value Unit Of Measure": "\u00b0F"
    },
    "C1C00D7E-5FFC-43CC-9901-8CB99E7E996E": {
        "Archived": false,
        "Asset": null,
        "Cache Enabled": true,
        "Cache ID": "eaaaac2a-6d7e-42a4-9052-a39c7a6c18a3",
        "Data ID": "c1c00d7e-5ffc-43cc-9901-8cb99e7e996e",
        "Datasource Class": "Seeq Calculations",
        "Datasource ID": "Seeq Calculations",
        "Enabled": true,
        "Formula": "days()",
        "Formula Parameters": {},
        "ID": "C1C00D7E-5FFC-43CC-9901-8CB99E7E996E",
        "Key Unit Of Measure": "ns",
        "Maximum Duration": "1.0416666666666667",
        "Maximum Interpolation": "1.0416666666666667",
        "Metadata Properties": "Day+of+Year=&Day+of+Week=&Day+of+Month=",
        "Name": "Daily",
        "Path": null,
        "Scoped To": "D833DC83-9A38-48DE-BF45-EB787E9E8375",
        "Type": "CalculatedCondition",
        "UIConfig": {
            "advancedParametersCollapsed": true,
            "duration": "days",
            "frequencies": [],
            "maximumDuration": {
                "units": "day",
                "value": 1
            },
            "offset": {},
            "quarterStart": {
                "day": 1,
                "month": "Month.January"
            },
            "shift": {
                "duration": 8,
                "offset": 8
            },
            "type": "periodic-condition",
            "weekStart": "Day.Sunday"
        },
        "Unsearchable": false
    },
    "CCD70C84-F21E-4983-822F-5480BC50191D": {
        "Archived": false,
        "Asset": null,
        "Cache Enabled": true,
        "Cache ID": "22a7523c-c578-4edb-93ba-26cd8aa4ccb6",
        "Cached By Service": true,
        "Data ID": "CCD70C84-F21E-4983-822F-5480BC50191D",
        "Datasource Class": "Seeq Calculations",
        "Datasource ID": "Seeq Calculations",
        "Enabled": true,
        "Formula": "$a.lowPassFilter(120min, 15s).derivative() * 3600 s/h",
        "Formula Parameters": {
            "a": "B396F2A6-CD3C-4AC6-9649-EA5E56379578"
        },
        "ID": "CCD70C84-F21E-4983-822F-5480BC50191D",
        "Interpolation Method": "Linear",
        "Key Unit Of Measure": "ns",
        "Maximum Interpolation": "15.0",
        "Name": "Rate of Change of Wet Bulb",
        "Path": null,
        "Type": "CalculatedSignal",
        "UIConfig": {
            "advancedParametersCollapsed": true,
            "maximumDuration": {
                "units": "day",
                "value": 1
            },
            "type": "power-search"
        },
        "Unsearchable": false,
        "Value Unit Of Measure": "\u00b0F/h"
    },
    "CE98C80E-838D-46E6-8250-2F5D887E86C6": {
        "Archived": false,
        "Asset": null,
        "Cache Enabled": false,
        "Data ID": "CE98C80E-838D-46E6-8250-2F5D887E86C6",
        "Datasource Class": "Seeq Calculations",
        "Datasource ID": "Seeq Calculations",
        "Enabled": true,
        "Formula": "<ThresholdMetric>",
        "Formula Parameters": {
            "Aggregation Function": "average()",
            "Bounding Condition": "C1C00D7E-5FFC-43CC-9901-8CB99E7E996E",
            "Measured Item": "9564A6B8-8A8F-4F6D-AC63-00EA38962B7A",
            "Process Type": "Condition",
            "Thresholds": [
                {
                    "Priority": {
                        "Color": "#ff0000",
                        "Level": 3,
                        "Name": "HiHiHi"
                    },
                    "Value": {
                        "Unit Of Measure": "",
                        "Value": 130
                    }
                },
                {
                    "Priority": {
                        "Color": "#ff0000",
                        "Level": -3,
                        "Name": "LoLoLo"
                    },
                    "Value": {
                        "Unit Of Measure": "",
                        "Value": 30
                    }
                }
            ]
        },
        "ID": "CE98C80E-838D-46E6-8250-2F5D887E86C6",
        "Name": "Average Daily Temperature",
        "Path": null,
        "Scoped To": "D833DC83-9A38-48DE-BF45-EB787E9E8375",
        "Type": "ThresholdMetric",
        "UIConfig": {
            "advancedParametersCollapsed": true,
            "type": "threshold-metric"
        },
        "Unsearchable": false
    },
    "D2C089B6-CE85-46FC-8392-E11CC0C08336": {
        "Archived": false,
        "Asset": null,
        "Cache Enabled": false,
        "Cache ID": "ce50ccae-6884-418a-9472-46400e4e5fe5",
        "Cached By Service": true,
        "Data ID": "[Tag] Area A_Compressor Stage.sim.ts.csv",
        "Datasource Class": "Time Series CSV Files",
        "Datasource ID": "Example Data",
        "Enabled": true,
        "ID": "D2C089B6-CE85-46FC-8392-E11CC0C08336",
        "Interpolation Method": "Step",
        "Key Unit Of Measure": "ns",
        "Maximum Interpolation": "2min",
        "Name": "Area A_Compressor Stage",
        "Path": null,
        "Source Maximum Interpolation": "2min",
        "Source Value Unit Of Measure": "string",
        "Sync Token": "2022-07-15T15:19:29.163824200Z",
        "Type": "StoredSignal",
        "Unsearchable": false,
        "Value Unit Of Measure": "string"
    },
    "D5586EDF-FF35-4C8B-85AC-50764C8A806F": {
        "Archived": false,
        "Asset": null,
        "Cache Enabled": true,
        "Cache ID": "eb387b62-1ce6-4f3a-bd49-0c04b2db8ae2",
        "Cached By Service": true,
        "Data ID": "D5586EDF-FF35-4C8B-85AC-50764C8A806F",
        "Datasource Class": "Seeq Calculations",
        "Datasource ID": "Seeq Calculations",
        "Enabled": true,
        "Formula": [
            "$trainingRange = $inputCondition.toGroup(capsule(\"2019-01-01T23:23:27.130Z\", \"2019-02-01T23:23:27.130Z\"), CapsuleBoundary.EnclosedBy)",
            "referenceTable(5min)",
            "  .addRows($inputSignal, $trainingRange)",
            "  .repeatOver($repeatOverCondition.fragment(), ReferenceTableStat.AveDev, -3)"
        ],
        "Formula Parameters": {
            "inputCondition": "C1C00D7E-5FFC-43CC-9901-8CB99E7E996E",
            "inputSignal": "8A4F0E26-8A0C-4127-9E11-B67E031C6049",
            "repeatOverCondition": "C1C00D7E-5FFC-43CC-9901-8CB99E7E996E"
        },
        "ID": "D5586EDF-FF35-4C8B-85AC-50764C8A806F",
        "Interpolation Method": "Linear",
        "Key Unit Of Measure": "ns",
        "Maximum Interpolation": "5",
        "Name": "Temperature Warning Lower",
        "Path": null,
        "Scoped To": "D833DC83-9A38-48DE-BF45-EB787E9E8375",
        "Type": "CalculatedSignal",
        "UIConfig": {
            "advancedParametersCollapsed": false,
            "griddingPeriod": {
                "units": "min",
                "value": 5
            },
            "multiplier": -3,
            "referenceStat": "AveDev",
            "type": "reference",
            "windowEnd": 1549063407130,
            "windowStart": 1546385007130
        },
        "Unsearchable": false,
        "Value Unit Of Measure": "\u00b0F"
    },
    "D581F7B7-9678-4586-A811-1A1F9F878459": {
        "Archived": false,
        "Asset": null,
        "Cache Enabled": false,
        "Cache ID": "2d8646d4-4f44-401e-a230-bc2ed1c5077f",
        "Cached By Service": true,
        "Data ID": "[Tag] Area A_Relative Humidity.sim.ts.csv",
        "Datasource Class": "Time Series CSV Files",
        "Datasource ID": "Example Data",
        "Enabled": true,
        "ID": "D581F7B7-9678-4586-A811-1A1F9F878459",
        "Interpolation Method": "Linear",
        "Key Unit Of Measure": "ns",
        "Maximum Interpolation": "2min",
        "Name": "Area A_Relative Humidity",
        "Path": null,
        "Source Maximum Interpolation": "2min",
        "Source Value Unit Of Measure": "%",
        "Sync Token": "2022-07-15T15:19:29.163824200Z",
        "Type": "StoredSignal",
        "Unsearchable": false,
        "Value Unit Of Measure": "%"
    },
    "DCED9C36-A4BE-4783-9216-DC06B3F57D8C": {
        "Archived": false,
        "Asset": null,
        "Cache Enabled": false,
        "Cache ID": "e8a5b813-6756-4588-a0a6-028b3150b587",
        "Cached By Service": true,
        "Data ID": "[Tag] Area A_Compressor Power.sim.ts.csv",
        "Datasource Class": "Time Series CSV Files",
        "Datasource ID": "Example Data",
        "Enabled": true,
        "ID": "DCED9C36-A4BE-4783-9216-DC06B3F57D8C",
        "Interpolation Method": "Linear",
        "Key Unit Of Measure": "ns",
        "Maximum Interpolation": "2min",
        "Name": "Area A_Compressor Power",
        "Path": null,
        "Source Maximum Interpolation": "2min",
        "Source Value Unit Of Measure": "kW",
        "Sync Token": "2022-07-15T15:19:29.163824200Z",
        "Type": "StoredSignal",
        "Unsearchable": false,
        "Value Unit Of Measure": "kW"
    },
    "DF3E0953-12D6-444C-8F9C-3DEDB2999D5A": {
        "Archived": false,
        "Asset": null,
        "Cache Enabled": false,
        "Cache ID": "b8652a20-9ce1-439a-bb04-252efe5f6dc2",
        "Cached By Service": true,
        "Data ID": "[Tag] Area C_Temperature.sim.ts.csv",
        "Datasource Class": "Time Series CSV Files",
        "Datasource ID": "Example Data",
        "Enabled": true,
        "ID": "DF3E0953-12D6-444C-8F9C-3DEDB2999D5A",
        "Interpolation Method": "Linear",
        "Key Unit Of Measure": "ns",
        "Maximum Interpolation": "2min",
        "Name": "Area C_Temperature",
        "Path": null,
        "Source Maximum Interpolation": "2min",
        "Source Value Unit Of Measure": "F",
        "Sync Token": "2022-07-15T15:19:29.163824200Z",
        "Type": "StoredSignal",
        "Unsearchable": false,
        "Value Unit Of Measure": "\u00b0F"
    },
    "DFC5A100-8C92-4809-8044-102AAAB62EEA": {
        "Archived": false,
        "Asset": null,
        "Cache Enabled": false,
        "Data ID": "DFC5A100-8C92-4809-8044-102AAAB62EEA",
        "Datasource Class": "Seeq Calculations",
        "Datasource ID": "Seeq Calculations",
        "Duration": "12",
        "Enabled": true,
        "Formula": "<ThresholdMetric>",
        "Formula Parameters": {
            "Aggregation Function": "maxValue()",
            "Duration": {
                "Unit Of Measure": "h",
                "Value": 12
            },
            "Measured Item": "9564A6B8-8A8F-4F6D-AC63-00EA38962B7A",
            "Period": {
                "Unit Of Measure": "min",
                "Value": 30
            },
            "Process Type": "Continuous"
        },
        "ID": "DFC5A100-8C92-4809-8044-102AAAB62EEA",
        "Name": "Rolling Temperature 12-hour Maximum",
        "Path": null,
        "Period": "30",
        "Scoped To": "D833DC83-9A38-48DE-BF45-EB787E9E8375",
        "Type": "ThresholdMetric",
        "UIConfig": {
            "advancedParametersCollapsed": true,
            "type": "threshold-metric"
        },
        "Unsearchable": false
    },
    "FBBCD4E0-CE26-4A33-BE59-3E215553FB1F": {
        "Archived": false,
        "Asset": null,
        "Cache Enabled": true,
        "Cache ID": "2f103966-3dc2-416d-bc01-f3f5290e8afd",
        "Cached By Service": true,
        "Data ID": "FBBCD4E0-CE26-4A33-BE59-3E215553FB1F",
        "Datasource Class": "Seeq Calculations",
        "Datasource ID": "Seeq Calculations",
        "Enabled": true,
        "Formula": "$series.lowPassFilter(100min, 2min, 333)",
        "Formula Parameters": {
            "series": "9564A6B8-8A8F-4F6D-AC63-00EA38962B7A"
        },
        "ID": "FBBCD4E0-CE26-4A33-BE59-3E215553FB1F",
        "Interpolation Method": "Linear",
        "Key Unit Of Measure": "ns",
        "Maximum Interpolation": "120.0",
        "Name": "Smooth Temperature",
        "Path": null,
        "Scoped To": "D833DC83-9A38-48DE-BF45-EB787E9E8375",
        "Type": "CalculatedSignal",
        "UIConfig": {
            "advancedParametersCollapsed": true,
            "autoPeriod": true,
            "autoTaps": true,
            "cutoff": {
                "units": "min",
                "value": 100
            },
            "maximumDuration": {
                "units": "day",
                "value": 1
            },
            "period": {
                "units": "min",
                "value": 2
            },
            "samplePeriod": {
                "units": "min",
                "value": 2
            },
            "taps": 333,
            "type": "low-pass-filter"
        },
        "Unsearchable": false,
        "Value Unit Of Measure": "\u00b0F"
    }
}