{
    "ID": "A1F0BF75-7A1E-4F9A-8EC6-9B2EB1F5F035",
    "Type": "Workstep",
    "Data": {
        "version": 1,
        "state": {
            "stores": {
                "sqTrendSeriesStore": {
                    "items": []
                },
                "sqTrendCapsuleSetStore": {
                    "items": []
                },
                "sqTrendScalarStore": {
                    "items": []
                },
                "sqTrendMetricStore": {
                    "items": []
                },
                "sqTrendTableStore": {
                    "items": []
                },
                "sqDurationStore": {
                    "autoUpdate": {
                        "offset": 0
                    },
                    "displayRange": {
                        "start": 1657812117930,
                        "end": 1657898517931
                    },
                    "investigateRange": {
                        "start": 1657293717931,
                        "end": 1657898517931
                    }
                },
                "sqWorksheetStore": {
                    "viewKey": "TREND"
                }
            }
        }
    }
}