{
    "ID": "2DDC62B0-2671-44D7-9F64-9945EA7F0152",
    "Type": "Workstep",
    "Data": {
        "version": 1,
        "state": {
            "stores": {
                "sqTrendSeriesStore": {
                    "items": []
                },
                "sqTrendCapsuleSetStore": {
                    "items": []
                },
                "sqTrendScalarStore": {
                    "items": []
                },
                "sqTrendMetricStore": {
                    "items": []
                },
                "sqTrendTableStore": {
                    "items": []
                },
                "sqDurationStore": {
                    "autoUpdate": {
                        "offset": -1
                    },
                    "displayRange": {
                        "start": 1657812117840,
                        "end": 1657898517840
                    },
                    "investigateRange": {
                        "start": 1657293717841,
                        "end": 1657898517841
                    }
                },
                "sqWorksheetStore": {
                    "viewKey": "TREND"
                }
            }
        }
    }
}