{
    "Archived": false,
    "Cache Enabled": false,
    "Created At": "1541998665716000000",
    "Enabled": true,
    "ID": "1F02C6C7-5009-4A13-9343-CDDEBB6AF7E6",
    "Unsearchable": false,
    "Updated At": "1542832938156000000",
    "Name": "Calculated Items",
    "Type": "Worksheet",
    "Annotation ID": "EB1070A4-CFF4-469B-9973-C14D23BA45FF",
    "Current Workstep ID": "1945AADF-E4E3-4362-AB6A-DC5C6724E9F4",
    "URL": "http://localhost:34216/51297B6C-9E44-4815-9C17-297ABC4A5D46/workbook/D833DC83-9A38-48DE-BF45-EB787E9E8375/worksheet/1F02C6C7-5009-4A13-9343-CDDEBB6AF7E6"
}