{
    "Archived": false,
    "Cache Enabled": false,
    "Created At": "1542834521199000000",
    "Enabled": true,
    "ID": "99E1E62B-69F1-4FFB-8649-3225820A7DFB",
    "Unsearchable": false,
    "Updated At": "1542844984666000000",
    "Name": "Metrics",
    "Type": "Worksheet",
    "Annotation ID": "674F0806-F7CA-4B36-89E4-B1D36D3900AC",
    "Current Workstep ID": "38151CE5-B36E-4D77-AD00-1995F886CFD2",
    "URL": "http://localhost:34216/51297B6C-9E44-4815-9C17-297ABC4A5D46/workbook/D833DC83-9A38-48DE-BF45-EB787E9E8375/worksheet/99E1E62B-69F1-4FFB-8649-3225820A7DFB"
}