{
    "ID": "6A7989A8-20F6-41FE-BDE1-ABD649DEE546",
    "Type": "Workstep",
    "Data": {
        "version": 1,
        "state": {
            "stores": {
                "sqTrendSeriesStore": {
                    "items": []
                },
                "sqTrendCapsuleSetStore": {
                    "items": []
                },
                "sqTrendScalarStore": {
                    "items": []
                },
                "sqTrendMetricStore": {
                    "items": []
                },
                "sqTrendTableStore": {
                    "items": []
                },
                "sqDurationStore": {
                    "autoUpdate": {
                        "offset": -48
                    },
                    "displayRange": {
                        "start": 1657812117645,
                        "end": 1657898517645
                    },
                    "investigateRange": {
                        "start": 1657293717693,
                        "end": 1657898517693
                    }
                },
                "sqWorksheetStore": {
                    "viewKey": "TREND"
                }
            }
        }
    }
}