{
    "Archived": false,
    "Cache Enabled": false,
    "Created At": "1541998787777000000",
    "Enabled": true,
    "ID": "BFB529B8-F127-49FC-81B3-55BCCE4CC2B1",
    "Unsearchable": false,
    "Updated At": "1542492226733000000",
    "Name": "Histogram",
    "Type": "Worksheet",
    "Annotation ID": "87544509-1F99-4F47-8702-4B96E0E5E42E",
    "Current Workstep ID": "C6610DD2-779B-45F8-877A-54A9C3107973",
    "URL": "http://localhost:34216/51297B6C-9E44-4815-9C17-297ABC4A5D46/workbook/D833DC83-9A38-48DE-BF45-EB787E9E8375/worksheet/BFB529B8-F127-49FC-81B3-55BCCE4CC2B1"
}