{
    "Archived": false,
    "Cache Enabled": false,
    "Created At": "1541996564990000000",
    "Enabled": true,
    "ID": "F255BF0D-CCE1-4021-B863-B121FB605913",
    "Unsearchable": false,
    "Updated At": "1570759231651367900",
    "Name": "Details Pane",
    "Type": "Worksheet",
    "Annotation ID": "BE8AFE2D-68B5-4FB0-9B8C-F04315DC4089",
    "Current Workstep ID": "BE9F59EB-0151-4B25-BE08-16FFE5D8D85D",
    "URL": "http://localhost:34216/51297B6C-9E44-4815-9C17-297ABC4A5D46/workbook/D833DC83-9A38-48DE-BF45-EB787E9E8375/worksheet/F255BF0D-CCE1-4021-B863-B121FB605913"
}