{
    "Archived": false,
    "Cache Enabled": false,
    "Created At": "1570490606547000000",
    "Enabled": true,
    "ID": "44A42737-E20C-4BCE-BB50-4F2468C7419D",
    "Unsearchable": false,
    "Updated At": "1570759524924404200",
    "Name": "Boundaries",
    "Type": "Worksheet",
    "Annotation ID": "CB083FF5-45BD-432D-B1B9-2D5CAFF2C657",
    "Current Workstep ID": "2E03BF34-01A5-4332-A89C-35D73ED1DDC8",
    "URL": "http://localhost:34216/51297B6C-9E44-4815-9C17-297ABC4A5D46/workbook/D833DC83-9A38-48DE-BF45-EB787E9E8375/worksheet/44A42737-E20C-4BCE-BB50-4F2468C7419D"
}