{
    "Archived": false,
    "Cache Enabled": false,
    "Created At": "1542472136347000000",
    "Enabled": true,
    "ID": "10198C29-C93C-4055-B313-3388227D0621",
    "Unsearchable": false,
    "Updated At": "1542473077815000000",
    "Name": "Journal",
    "Type": "Worksheet",
    "Annotation ID": "2AE11F4A-A72D-439B-8D5D-4E931C71D507",
    "Current Workstep ID": "1A3522FD-984C-44FF-8928-C466E021DCA4",
    "URL": "http://localhost:34216/51297B6C-9E44-4815-9C17-297ABC4A5D46/workbook/D833DC83-9A38-48DE-BF45-EB787E9E8375/worksheet/10198C29-C93C-4055-B313-3388227D0621"
}