{
    "ID": "FD4C7F07-47E5-4E65-8E00-3E11B3776644",
    "Type": "Workstep",
    "Data": {
        "version": 1,
        "state": {
            "stores": {
                "sqTrendSeriesStore": {
                    "items": []
                },
                "sqTrendCapsuleSetStore": {
                    "items": []
                },
                "sqTrendScalarStore": {
                    "items": []
                },
                "sqTrendMetricStore": {
                    "items": []
                },
                "sqTrendTableStore": {
                    "items": []
                },
                "sqDurationStore": {
                    "autoUpdate": {
                        "offset": -1
                    },
                    "displayRange": {
                        "start": 1657812117880,
                        "end": 1657898517880
                    },
                    "investigateRange": {
                        "start": 1657293717881,
                        "end": 1657898517881
                    }
                },
                "sqWorksheetStore": {
                    "viewKey": "TREND"
                }
            }
        }
    }
}