{
    "ID": "B1702DC4-3AE7-46DF-BE3F-7D6EBE1B371F",
    "Type": "Workstep",
    "Data": {
        "version": 1,
        "state": {
            "stores": {
                "sqTrendSeriesStore": {
                    "items": []
                },
                "sqTrendCapsuleSetStore": {
                    "items": []
                },
                "sqTrendScalarStore": {
                    "items": []
                },
                "sqTrendMetricStore": {
                    "items": []
                },
                "sqTrendTableStore": {
                    "items": []
                },
                "sqDurationStore": {
                    "autoUpdate": {
                        "offset": -1
                    },
                    "displayRange": {
                        "start": 1657812117967,
                        "end": 1657898517967
                    },
                    "investigateRange": {
                        "start": 1657293717968,
                        "end": 1657898517968
                    }
                },
                "sqWorksheetStore": {
                    "viewKey": "TREND"
                }
            }
        }
    }
}