{
    "Archived": false,
    "Cache Enabled": false,
    "Created At": "1541996564906000000",
    "Data": "{}",
    "Enabled": true,
    "ID": "D833DC83-9A38-48DE-BF45-EB787E9E8375",
    "Unsearchable": false,
    "Updated At": "1570759524924404200",
    "workbookState": {
        "version": 1,
        "state": {
            "stores": {
                "sqAnnotationStore": {
                    "id": "CB083FF5-45BD-432D-B1B9-2D5CAFF2C657",
                    "isEditing": true,
                    "isExpanded": false,
                    "width": 0,
                    "height": 0,
                    "isCommentsExpanded": false,
                    "isAnnotatesExpanded": false
                }
            }
        }
    },
    "Name": "Example Analysis",
    "Type": "Workbook",
    "Workbook Type": "Analysis",
    "Path": "Shared >> Example Export",
    "Owner": {
        "ID": "AA61A752-1579-4191-AC30-3BBB21696D4F",
        "Type": "User",
        "Name": "Mark Derbecker",
        "Username": "mark.derbecker@seeq.com",
        "First Name": "Mark",
        "Last Name": "Derbecker",
        "Email": "mark.derbecker@seeq.com",
        "Is Admin": true,
        "Datasource Class": "Auth",
        "Datasource ID": "Seeq",
        "Datasource Name": "Seeq",
        "Redacted": false
    },
    "Access Control": [
        {
            "ID": "c9ba62c6-5c85-4c81-9bd2-3134d3ec336c",
            "Role": null,
            "Origin": null,
            "Permissions": {
                "Read": true,
                "Write": true,
                "Manage": true
            },
            "Redacted": false,
            "Identity": {
                "ID": "01A75303-39EE-4DB6-801A-E6E7F50C9C0E",
                "Type": "UserGroup",
                "Name": "Just Mark",
                "Datasource Class": "Auth",
                "Datasource ID": "Seeq",
                "Datasource Name": "Seeq"
            }
        },
        {
            "ID": "56317765-0443-4aa1-a8de-606f577b4d9d",
            "Role": null,
            "Origin": "51297B6C-9E44-4815-9C17-297ABC4A5D46",
            "Permissions": {
                "Read": true,
                "Write": true,
                "Manage": true
            },
            "Redacted": false,
            "Identity": {
                "ID": "0BFA187F-6AC5-4DFB-8AC4-25D53EA57FEF",
                "Type": "UserGroup",
                "Name": "Everyone",
                "Datasource Class": "Auth",
                "Datasource ID": "Seeq",
                "Datasource Name": "Seeq"
            }
        },
        {
            "ID": "4ba546f4-b1ed-43ed-8d0b-4da21dcc27be",
            "Role": null,
            "Origin": null,
            "Permissions": {
                "Read": true,
                "Write": true,
                "Manage": true
            },
            "Redacted": false,
            "Identity": {
                "ID": "0BFA187F-6AC5-4DFB-8AC4-25D53EA57FEF",
                "Type": "UserGroup",
                "Name": "Everyone",
                "Datasource Class": "Auth",
                "Datasource ID": "Seeq",
                "Datasource Name": "Seeq"
            }
        },
        {
            "ID": "031904d7-0939-4b59-aec2-60a77dc7ed13",
            "Role": null,
            "Origin": null,
            "Permissions": {
                "Read": true,
                "Write": false,
                "Manage": false
            },
            "Redacted": false,
            "Identity": {
                "ID": "6E8C6BC2-B9EC-4164-BFBC-B2F23375C0FA",
                "Type": "User",
                "Name": "Joe Creek",
                "Username": "joe.creek@seeq.com",
                "First Name": "Joe",
                "Last Name": "Creek",
                "Email": "joe.creek@seeq.com",
                "Is Admin": false,
                "Datasource Class": "Auth",
                "Datasource ID": "Seeq",
                "Datasource Name": "Seeq"
            }
        },
        {
            "ID": "c3221329-ea39-414a-99fb-db58dd6cc2bc",
            "Role": null,
            "Origin": "51297B6C-9E44-4815-9C17-297ABC4A5D46",
            "Permissions": {
                "Read": true,
                "Write": true,
                "Manage": true
            },
            "Redacted": false,
            "Identity": {
                "ID": "AA61A752-1579-4191-AC30-3BBB21696D4F",
                "Type": "User",
                "Name": "Mark Derbecker",
                "Username": "mark.derbecker@seeq.com",
                "First Name": "Mark",
                "Last Name": "Derbecker",
                "Email": "mark.derbecker@seeq.com",
                "Is Admin": true,
                "Datasource Class": "Auth",
                "Datasource ID": "Seeq",
                "Datasource Name": "Seeq"
            }
        },
        {
            "ID": "17eb8b15-5fe9-4d27-ae69-855e9629ac1f",
            "Role": null,
            "Origin": null,
            "Permissions": {
                "Read": true,
                "Write": true,
                "Manage": true
            },
            "Redacted": false,
            "Identity": {
                "ID": "AA61A752-1579-4191-AC30-3BBB21696D4F",
                "Type": "User",
                "Name": "Mark Derbecker",
                "Username": "mark.derbecker@seeq.com",
                "First Name": "Mark",
                "Last Name": "Derbecker",
                "Email": "mark.derbecker@seeq.com",
                "Is Admin": true,
                "Datasource Class": "Auth",
                "Datasource ID": "Seeq",
                "Datasource Name": "Seeq"
            }
        },
        {
            "ID": "f65a6724-75a2-4eea-9d5e-9eafdd1242df",
            "Role": "OWNER",
            "Origin": null,
            "Permissions": {
                "Read": true,
                "Write": true,
                "Manage": true
            },
            "Redacted": false,
            "Identity": {
                "ID": "AA61A752-1579-4191-AC30-3BBB21696D4F",
                "Type": "User",
                "Name": "Mark Derbecker",
                "Username": "mark.derbecker@seeq.com",
                "First Name": "Mark",
                "Last Name": "Derbecker",
                "Email": "mark.derbecker@seeq.com",
                "Is Admin": true,
                "Datasource Class": "Auth",
                "Datasource ID": "Seeq",
                "Datasource Name": "Seeq"
            }
        }
    ],
    "Ancestors": [
        "__Shared__",
        "51297B6C-9E44-4815-9C17-297ABC4A5D46"
    ],
    "Original Server URL": "http://localhost:34216",
    "URL": "http://localhost:34216/51297B6C-9E44-4815-9C17-297ABC4A5D46/workbook/D833DC83-9A38-48DE-BF45-EB787E9E8375/worksheet/F255BF0D-CCE1-4021-B863-B121FB605913",
    "Search Folder ID": "51297B6C-9E44-4815-9C17-297ABC4A5D46",
    "Isolate By User": true,
    "Worksheets": [
        "F255BF0D-CCE1-4021-B863-B121FB605913",
        "1F02C6C7-5009-4A13-9343-CDDEBB6AF7E6",
        "BFB529B8-F127-49FC-81B3-55BCCE4CC2B1",
        "99E1E62B-69F1-4FFB-8649-3225820A7DFB",
        "10198C29-C93C-4055-B313-3388227D0621",
        "D978C84E-9435-422F-9C1A-DC4C7E515C0B",
        "44A42737-E20C-4BCE-BB50-4F2468C7419D"
    ]
}