{
    "Archived": false,
    "Cache Enabled": false,
    "Created At": "1545027529142000000",
    "Enabled": true,
    "ID": "D978C84E-9435-422F-9C1A-DC4C7E515C0B",
    "Unsearchable": false,
    "Updated At": "1545027538801000000",
    "Name": "Global",
    "Type": "Worksheet",
    "Annotation ID": "178CC65E-B21B-4A7E-A56F-C0B790FDA4A7",
    "Current Workstep ID": "962F2F33-DAE6-482F-AD90-2ED4E1577406",
    "URL": "http://localhost:34216/51297B6C-9E44-4815-9C17-297ABC4A5D46/workbook/D833DC83-9A38-48DE-BF45-EB787E9E8375/worksheet/D978C84E-9435-422F-9C1A-DC4C7E515C0B"
}