{
    "07F3161F-6644-4505-BC33-16D6155B004E": {
        "Archived": false,
        "Asset": null,
        "Cache Enabled": true,
        "Cache ID": "e4c6921f-29a0-44ee-a486-127f08eea24c",
        "Data ID": "07F3161F-6644-4505-BC33-16D6155B004E",
        "Datasource Class": "Seeq Calculations",
        "Datasource ID": "Seeq Calculations",
        "Enabled": true,
        "Formula": "$a > 100",
        "Formula Parameters": {
            "a": "8A4F0E26-8A0C-4127-9E11-B67E031C6049"
        },
        "ID": "07F3161F-6644-4505-BC33-16D6155B004E",
        "Key Unit Of Measure": "ns",
        "Metadata Properties": "",
        "Name": "Hot",
        "Path": null,
        "Scoped To": "F01FD57A-1112-4020-9430-CF27C2847D1B",
        "Type": "CalculatedCondition",
        "UIConfig": {
            "advancedEntryDuration": {
                "units": "min",
                "value": 0
            },
            "advancedEntryLowerValue": null,
            "advancedEntryValue": null,
            "advancedExitDuration": {
                "units": "min",
                "value": 0
            },
            "advancedExitValue": null,
            "advancedParametersCollapsed": true,
            "configVersion": 8,
            "isCleansing": false,
            "isMigratedDeviationSearch": false,
            "isSimple": true,
            "mergeDuration": {
                "units": "min",
                "value": 0
            },
            "minDuration": {
                "units": "min",
                "value": 0
            },
            "scopedTo": "F01FD57A-1112-4020-9430-CF27C2847D1B",
            "simpleLowerValue": null,
            "simpleOperator": ">",
            "simpleValue": "100",
            "type": "value-search",
            "useValidValues": false,
            "version": "V3"
        },
        "Unsearchable": false
    },
    "4706BBDD-4846-4ED0-BE7A-0FE1E8862D64": {
        "Access Control": [
            {
                "ID": "21aa3a0f-8c3f-4cbc-ba91-6eb817d56da1",
                "Identity": {
                    "Datasource Class": "Auth",
                    "Datasource ID": "Seeq",
                    "Datasource Name": "Seeq",
                    "Email": "mark.derbecker@seeq.com",
                    "First Name": "Mark",
                    "ID": "AA61A752-1579-4191-AC30-3BBB21696D4F",
                    "Is Admin": true,
                    "Last Name": "Derbecker",
                    "Name": "Mark Derbecker",
                    "Type": "User",
                    "Username": "mark.derbecker@seeq.com"
                },
                "Origin": null,
                "Permissions": {
                    "Manage": true,
                    "Read": true,
                    "Write": true
                },
                "Redacted": false,
                "Role": "OWNER"
            }
        ],
        "Ancestors": [],
        "Archived": false,
        "Cache Enabled": false,
        "Created At": "1654313433632766100",
        "Enabled": true,
        "ID": "4706BBDD-4846-4ED0-BE7A-0FE1E8862D64",
        "Name": "mark.derbecker@seeq.com",
        "Owner": {
            "Datasource Class": "Auth",
            "Datasource ID": "Seeq",
            "Datasource Name": "Seeq",
            "Email": "mark.derbecker@seeq.com",
            "First Name": "Mark",
            "ID": "AA61A752-1579-4191-AC30-3BBB21696D4F",
            "Is Admin": true,
            "Last Name": "Derbecker",
            "Name": "Mark Derbecker",
            "Redacted": false,
            "Type": "User",
            "Username": "mark.derbecker@seeq.com"
        },
        "Permission Inheritance Disabled": true,
        "Type": "Folder",
        "Unmodifiable": true,
        "Unsearchable": true,
        "Updated At": "1654313433632766100"
    },
    "4B40EAFC-91ED-4AB0-8199-F21AF40A8350": {
        "Archived": false,
        "Asset": "Cooling Tower 1",
        "Cache Enabled": false,
        "Data ID": "root/Cooling Tower 1/Area A",
        "Datasource Class": "Time Series CSV Files",
        "Datasource ID": "Example Data",
        "Enabled": true,
        "ID": "4B40EAFC-91ED-4AB0-8199-F21AF40A8350",
        "Name": "Area A",
        "Path": "Example",
        "Sync Token": "2022-07-15T15:19:29.163824200Z",
        "Type": "Asset",
        "Unsearchable": false
    },
    "8305C0C8-8CA8-490F-BE42-54534669D749": {
        "Access Control": [
            {
                "ID": "50c4deb4-53d0-4f70-85ae-f74a76fbb6d4",
                "Identity": {
                    "Datasource Class": "Auth",
                    "Datasource ID": "Seeq",
                    "Datasource Name": "Seeq",
                    "Email": "mark.derbecker@seeq.com",
                    "First Name": "Mark",
                    "ID": "AA61A752-1579-4191-AC30-3BBB21696D4F",
                    "Is Admin": true,
                    "Last Name": "Derbecker",
                    "Name": "Mark Derbecker",
                    "Type": "User",
                    "Username": "mark.derbecker@seeq.com"
                },
                "Origin": "4706BBDD-4846-4ED0-BE7A-0FE1E8862D64",
                "Permissions": {
                    "Manage": true,
                    "Read": true,
                    "Write": true
                },
                "Redacted": false,
                "Role": null
            },
            {
                "ID": "85be7568-e76c-4b8e-9ace-641b66dc8e4f",
                "Identity": {
                    "Datasource Class": "Auth",
                    "Datasource ID": "Seeq",
                    "Datasource Name": "Seeq",
                    "Email": "mark.derbecker@seeq.com",
                    "First Name": "Mark",
                    "ID": "AA61A752-1579-4191-AC30-3BBB21696D4F",
                    "Is Admin": true,
                    "Last Name": "Derbecker",
                    "Name": "Mark Derbecker",
                    "Type": "User",
                    "Username": "mark.derbecker@seeq.com"
                },
                "Origin": null,
                "Permissions": {
                    "Manage": true,
                    "Read": true,
                    "Write": true
                },
                "Redacted": false,
                "Role": "OWNER"
            }
        ],
        "Ancestors": [],
        "Archived": false,
        "Cache Enabled": false,
        "Created At": "1655952380600778400",
        "Description": "The set of examples for the Workbook Templates documentation notebook.",
        "Enabled": true,
        "ID": "8305C0C8-8CA8-490F-BE42-54534669D749",
        "Name": "Workbook Templates",
        "Owner": {
            "Datasource Class": "Auth",
            "Datasource ID": "Seeq",
            "Datasource Name": "Seeq",
            "Email": "mark.derbecker@seeq.com",
            "First Name": "Mark",
            "ID": "AA61A752-1579-4191-AC30-3BBB21696D4F",
            "Is Admin": true,
            "Last Name": "Derbecker",
            "Name": "Mark Derbecker",
            "Redacted": false,
            "Type": "User",
            "Username": "mark.derbecker@seeq.com"
        },
        "Type": "Folder",
        "Unsearchable": false,
        "Updated At": "1655952380600778400"
    },
    "8A4F0E26-8A0C-4127-9E11-B67E031C6049": {
        "Ancillaries": [
            {
                "Data ID": null,
                "Datasource Class": null,
                "Datasource ID": null,
                "Description": null,
                "ID": "315538F2-38EE-448E-A9FE-CB53A2771261",
                "Items": [
                    {
                        "ID": "1E1AA2F6-1C15-45A1-9EEC-62D2A0BD4DE5",
                        "Name": "Temperature Warning Upper",
                        "Order": 1,
                        "Type": "CalculatedSignal"
                    },
                    {
                        "ID": "7CFD2CC6-EB1A-4489-BDCC-B702C40065DA",
                        "Name": "Temperature Warning Lower",
                        "Order": 0,
                        "Type": "CalculatedSignal"
                    }
                ],
                "Name": "Warning",
                "Scoped To": "54C62C9E-629B-4A76-B8D6-5348D7D59D5F",
                "Type": "Ancillary"
            },
            {
                "Data ID": null,
                "Datasource Class": null,
                "Datasource ID": null,
                "Description": null,
                "ID": "4EBD3C59-3AC0-492B-AAE7-6A3CA152E7EA",
                "Items": [
                    {
                        "ID": "D5586EDF-FF35-4C8B-85AC-50764C8A806F",
                        "Name": "Temperature Warning Lower",
                        "Order": 0,
                        "Type": "CalculatedSignal"
                    },
                    {
                        "ID": "32302B01-EE96-4A96-B00B-59DBEA2678EE",
                        "Name": "Temperature Warning Upper",
                        "Order": 1,
                        "Type": "CalculatedSignal"
                    }
                ],
                "Name": "Warning",
                "Scoped To": "D833DC83-9A38-48DE-BF45-EB787E9E8375",
                "Type": "Ancillary"
            }
        ],
        "Archived": false,
        "Asset": "Area A",
        "Cache Enabled": false,
        "Cache ID": "82305d71-0d71-45ff-b1ae-57eb15bce721",
        "Cached By Service": true,
        "Data ID": "Area A_Temperature.sim.ts.csv",
        "Datasource Class": "Time Series CSV Files",
        "Datasource ID": "Example Data",
        "Enabled": true,
        "ID": "8A4F0E26-8A0C-4127-9E11-B67E031C6049",
        "Interpolation Method": "Linear",
        "Key Unit Of Measure": "ns",
        "Maximum Interpolation": "2min",
        "Name": "Temperature",
        "Path": "Example >> Cooling Tower 1",
        "Source Maximum Interpolation": "2min",
        "Source Value Unit Of Measure": "\u00b0F",
        "Sync Token": "2022-07-15T15:19:29.163824200Z",
        "Type": "StoredSignal",
        "Unsearchable": false,
        "Value Unit Of Measure": "\u00b0F"
    },
    "9564A6B8-8A8F-4F6D-AC63-00EA38962B7A": {
        "Archived": false,
        "Asset": null,
        "Cache Enabled": false,
        "Cache ID": "3b4ebcda-de18-47fb-ac65-99321c8f2b66",
        "Cached By Service": true,
        "Data ID": "[Tag] Area A_Temperature.sim.ts.csv",
        "Datasource Class": "Time Series CSV Files",
        "Datasource ID": "Example Data",
        "Enabled": true,
        "ID": "9564A6B8-8A8F-4F6D-AC63-00EA38962B7A",
        "Interpolation Method": "Linear",
        "Key Unit Of Measure": "ns",
        "Maximum Interpolation": "2min",
        "Name": "Area A_Temperature",
        "Path": null,
        "Source Maximum Interpolation": "2min",
        "Source Value Unit Of Measure": "\u00b0F",
        "Sync Token": "2022-07-15T15:19:29.163824200Z",
        "Type": "StoredSignal",
        "Unsearchable": false,
        "Value Unit Of Measure": "\u00b0F"
    },
    "D16FC368-AE8E-47B4-B1A3-9C2A3FBA2BB6": {
        "Archived": false,
        "Asset": "Example",
        "Cache Enabled": false,
        "Data ID": "root/Cooling Tower 1",
        "Datasource Class": "Time Series CSV Files",
        "Datasource ID": "Example Data",
        "Enabled": true,
        "ID": "D16FC368-AE8E-47B4-B1A3-9C2A3FBA2BB6",
        "Name": "Cooling Tower 1",
        "Path": null,
        "Sync Token": "2022-07-15T15:19:29.163824200Z",
        "Type": "Asset",
        "Unsearchable": false
    },
    "D2C089B6-CE85-46FC-8392-E11CC0C08336": {
        "Archived": false,
        "Asset": null,
        "Cache Enabled": false,
        "Cache ID": "ce50ccae-6884-418a-9472-46400e4e5fe5",
        "Cached By Service": true,
        "Data ID": "[Tag] Area A_Compressor Stage.sim.ts.csv",
        "Datasource Class": "Time Series CSV Files",
        "Datasource ID": "Example Data",
        "Enabled": true,
        "ID": "D2C089B6-CE85-46FC-8392-E11CC0C08336",
        "Interpolation Method": "Step",
        "Key Unit Of Measure": "ns",
        "Maximum Interpolation": "2min",
        "Name": "Area A_Compressor Stage",
        "Path": null,
        "Source Maximum Interpolation": "2min",
        "Source Value Unit Of Measure": "string",
        "Sync Token": "2022-07-15T15:19:29.163824200Z",
        "Type": "StoredSignal",
        "Unsearchable": false,
        "Value Unit Of Measure": "string"
    },
    "DCED9C36-A4BE-4783-9216-DC06B3F57D8C": {
        "Archived": false,
        "Asset": null,
        "Cache Enabled": false,
        "Cache ID": "e8a5b813-6756-4588-a0a6-028b3150b587",
        "Cached By Service": true,
        "Data ID": "[Tag] Area A_Compressor Power.sim.ts.csv",
        "Datasource Class": "Time Series CSV Files",
        "Datasource ID": "Example Data",
        "Enabled": true,
        "ID": "DCED9C36-A4BE-4783-9216-DC06B3F57D8C",
        "Interpolation Method": "Linear",
        "Key Unit Of Measure": "ns",
        "Maximum Interpolation": "2min",
        "Name": "Area A_Compressor Power",
        "Path": null,
        "Source Maximum Interpolation": "2min",
        "Source Value Unit Of Measure": "kW",
        "Sync Token": "2022-07-15T15:19:29.163824200Z",
        "Type": "StoredSignal",
        "Unsearchable": false,
        "Value Unit Of Measure": "kW"
    }
}