{
    "ID": "4EA25A0F-1853-42AA-8DB0-DF4FAC39616D",
    "Type": "Workstep",
    "Data": {
        "version": 1,
        "state": {
            "stores": {
                "sqTrendSeriesStore": {
                    "items": []
                },
                "sqTrendCapsuleSetStore": {
                    "items": []
                },
                "sqTrendScalarStore": {
                    "items": []
                },
                "sqTrendMetricStore": {
                    "items": []
                },
                "sqTrendTableStore": {
                    "items": []
                },
                "sqDurationStore": {
                    "autoUpdate": {
                        "offset": -1
                    },
                    "displayRange": {
                        "start": 1657812126858,
                        "end": 1657898526858
                    },
                    "investigateRange": {
                        "start": 1657293726859,
                        "end": 1657898526859
                    }
                },
                "sqWorksheetStore": {
                    "viewKey": "TREND"
                }
            }
        }
    }
}