{
    "Archived": false,
    "Cache Enabled": false,
    "Created At": "1655953622105462100",
    "Enabled": true,
    "ID": "6481C68A-DE78-47FC-A908-E79410B37FB9",
    "Unsearchable": false,
    "Updated At": "1655953688417846600",
    "Name": "Table Template",
    "Type": "Worksheet",
    "Annotation ID": "5DF12894-5CA4-433B-B3A9-A8240F0C34F1",
    "Current Workstep ID": "CF25B5AD-D526-4499-AE0E-B42B7885BE09",
    "URL": "http://localhost:34216/8305C0C8-8CA8-490F-BE42-54534669D749/workbook/F01FD57A-1112-4020-9430-CF27C2847D1B/worksheet/6481C68A-DE78-47FC-A908-E79410B37FB9"
}