{
    "Archived": false,
    "Cache Enabled": false,
    "Created At": "1655952801465635000",
    "Enabled": true,
    "ID": "DD3B2965-F10E-4BC5-B822-9AE278FD9147",
    "Unsearchable": false,
    "Updated At": "1655953444625933400",
    "Name": "XY Plot Template",
    "Type": "Worksheet",
    "Annotation ID": "7E25DB84-365D-4812-BDEA-CFF87E333E87",
    "Current Workstep ID": "3DEA1A9E-9CB0-4405-B175-E69095D3B38F",
    "URL": "http://localhost:34216/8305C0C8-8CA8-490F-BE42-54534669D749/workbook/F01FD57A-1112-4020-9430-CF27C2847D1B/worksheet/DD3B2965-F10E-4BC5-B822-9AE278FD9147"
}