{
    "Archived": false,
    "Cache Enabled": false,
    "Created At": "1655953455933942400",
    "Enabled": true,
    "ID": "964FB305-FCF1-4D6A-B999-6E9C68C07119",
    "Unsearchable": false,
    "Updated At": "1655953596930820400",
    "Name": "Treemap Template",
    "Type": "Worksheet",
    "Annotation ID": "28742D3A-546A-430F-A001-23944FBC6EBA",
    "Current Workstep ID": "BA4774B2-1FAC-4FC6-AE35-B0458BA8CE1A",
    "URL": "http://localhost:34216/8305C0C8-8CA8-490F-BE42-54534669D749/workbook/F01FD57A-1112-4020-9430-CF27C2847D1B/worksheet/964FB305-FCF1-4D6A-B999-6E9C68C07119"
}