{
    "ID": "F1A6483C-11FC-4118-ACED-33600AF39225",
    "Type": "Workstep",
    "Data": {
        "version": 1,
        "state": {
            "stores": {
                "sqTrendSeriesStore": {
                    "items": []
                },
                "sqTrendCapsuleSetStore": {
                    "items": []
                },
                "sqTrendScalarStore": {
                    "items": []
                },
                "sqTrendMetricStore": {
                    "items": []
                },
                "sqTrendTableStore": {
                    "items": []
                },
                "sqDurationStore": {
                    "autoUpdate": {
                        "offset": -1
                    },
                    "displayRange": {
                        "start": 1657812126891,
                        "end": 1657898526891
                    },
                    "investigateRange": {
                        "start": 1657293726892,
                        "end": 1657898526892
                    }
                },
                "sqWorksheetStore": {
                    "viewKey": "TREND"
                }
            }
        }
    }
}