{
    "ID": "B2E7F21B-08FB-4B63-983C-1A564AB11DA1",
    "Type": "Workstep",
    "Data": {
        "version": 1,
        "state": {
            "stores": {
                "sqTrendSeriesStore": {
                    "items": []
                },
                "sqTrendCapsuleSetStore": {
                    "items": []
                },
                "sqTrendScalarStore": {
                    "items": []
                },
                "sqTrendMetricStore": {
                    "items": []
                },
                "sqTrendTableStore": {
                    "items": []
                },
                "sqDurationStore": {
                    "autoUpdate": {
                        "offset": 0
                    },
                    "displayRange": {
                        "start": 1657812126811,
                        "end": 1657898526811
                    },
                    "investigateRange": {
                        "start": 1657293726811,
                        "end": 1657898526811
                    }
                },
                "sqWorksheetStore": {
                    "viewKey": "TREND"
                }
            }
        }
    }
}