{
    "Archived": false,
    "Cache Enabled": false,
    "Created At": "1655952384493798700",
    "Enabled": true,
    "ID": "C9BAE059-F996-46B8-AEC2-6FB62A45400A",
    "Unsearchable": false,
    "Updated At": "1655952568055427200",
    "Name": "Trend Template",
    "Type": "Worksheet",
    "Annotation ID": "5DF0CC94-EB5A-4483-8E9B-91A90400580C",
    "Current Workstep ID": "68572CD6-F53A-4E60-94EB-EA5EA01B20E1",
    "URL": "http://localhost:34216/8305C0C8-8CA8-490F-BE42-54534669D749/workbook/F01FD57A-1112-4020-9430-CF27C2847D1B/worksheet/C9BAE059-F996-46B8-AEC2-6FB62A45400A"
}