{
    "Archived": false,
    "Cache Enabled": false,
    "Created At": "1655952384437381600",
    "Enabled": true,
    "ID": "F01FD57A-1112-4020-9430-CF27C2847D1B",
    "Unsearchable": false,
    "Updated At": "1655953893754523700",
    "workbookState": {
        "version": 1,
        "state": {
            "stores": {
                "sqAnnotationStore": {
                    "id": "7E25DB84-365D-4812-BDEA-CFF87E333E87",
                    "isEditing": true,
                    "isExpanded": false,
                    "width": 0,
                    "height": 0,
                    "isCommentsExpanded": false,
                    "isAnnotatesExpanded": false,
                    "isCkEnabled": true
                }
            }
        }
    },
    "Name": "Analysis Template",
    "Type": "Workbook",
    "Workbook Type": "Analysis",
    "Path": "Users >> mark.derbecker@seeq.com >> Workbook Templates",
    "Owner": {
        "ID": "AA61A752-1579-4191-AC30-3BBB21696D4F",
        "Type": "User",
        "Name": "Mark Derbecker",
        "Username": "mark.derbecker@seeq.com",
        "First Name": "Mark",
        "Last Name": "Derbecker",
        "Email": "mark.derbecker@seeq.com",
        "Is Admin": true,
        "Datasource Class": "Auth",
        "Datasource ID": "Seeq",
        "Datasource Name": "Seeq",
        "Redacted": false
    },
    "Access Control": [
        {
            "ID": "8e419a90-3639-427e-8202-9997bfd0b6b0",
            "Role": null,
            "Origin": "8305C0C8-8CA8-490F-BE42-54534669D749",
            "Permissions": {
                "Read": true,
                "Write": true,
                "Manage": true
            },
            "Redacted": false,
            "Identity": {
                "ID": "AA61A752-1579-4191-AC30-3BBB21696D4F",
                "Type": "User",
                "Name": "Mark Derbecker",
                "Username": "mark.derbecker@seeq.com",
                "First Name": "Mark",
                "Last Name": "Derbecker",
                "Email": "mark.derbecker@seeq.com",
                "Is Admin": true,
                "Datasource Class": "Auth",
                "Datasource ID": "Seeq",
                "Datasource Name": "Seeq"
            }
        },
        {
            "ID": "4b4756aa-d77c-4859-a9ab-b6a15af8a7e1",
            "Role": "OWNER",
            "Origin": null,
            "Permissions": {
                "Read": true,
                "Write": true,
                "Manage": true
            },
            "Redacted": false,
            "Identity": {
                "ID": "AA61A752-1579-4191-AC30-3BBB21696D4F",
                "Type": "User",
                "Name": "Mark Derbecker",
                "Username": "mark.derbecker@seeq.com",
                "First Name": "Mark",
                "Last Name": "Derbecker",
                "Email": "mark.derbecker@seeq.com",
                "Is Admin": true,
                "Datasource Class": "Auth",
                "Datasource ID": "Seeq",
                "Datasource Name": "Seeq"
            }
        }
    ],
    "Ancestors": [
        "__Users__",
        "4706BBDD-4846-4ED0-BE7A-0FE1E8862D64",
        "8305C0C8-8CA8-490F-BE42-54534669D749"
    ],
    "Original Server URL": "http://localhost:34216",
    "URL": "http://localhost:34216/8305C0C8-8CA8-490F-BE42-54534669D749/workbook/F01FD57A-1112-4020-9430-CF27C2847D1B/worksheet/C9BAE059-F996-46B8-AEC2-6FB62A45400A",
    "Search Folder ID": "8305C0C8-8CA8-490F-BE42-54534669D749",
    "Worksheets": [
        "C9BAE059-F996-46B8-AEC2-6FB62A45400A",
        "DD3B2965-F10E-4BC5-B822-9AE278FD9147",
        "964FB305-FCF1-4D6A-B999-6E9C68C07119",
        "6481C68A-DE78-47FC-A908-E79410B37FB9"
    ]
}