{
    "13830E96-9EAF-4F98-A303-6F05E23E95B3": {
        "Archived": false,
        "Asset": null,
        "Cache Enabled": true,
        "Cache ID": "070c1c80-0245-4de3-a290-d702584829eb",
        "Data ID": "13830e96-9eaf-4f98-a303-6f05e23e95b3",
        "Datasource Class": "Seeq Calculations",
        "Datasource ID": "Seeq Calculations",
        "Enabled": true,
        "Formula": "days()",
        "Formula Parameters": {},
        "ID": "13830E96-9EAF-4F98-A303-6F05E23E95B3",
        "Key Unit Of Measure": "ns",
        "Maximum Duration": "1.0416666666666667",
        "Maximum Interpolation": "1.0416666666666667",
        "Metadata Properties": "Day+of+Year=&Day+of+Week=&Day+of+Month=",
        "Name": "Daily",
        "Path": null,
        "Scoped To": "811B1488-297A-4FD2-AE7C-A1FE0E3B3641",
        "Type": "CalculatedCondition",
        "UIConfig": {
            "advancedParametersCollapsed": false,
            "duration": "days",
            "frequencies": [],
            "offset": {},
            "quarterStart": {
                "day": 1,
                "month": "Month.January"
            },
            "shift": {
                "duration": 8,
                "offset": 8
            },
            "type": "periodic-condition",
            "weekStart": "Day.Sunday"
        },
        "Unsearchable": false
    },
    "51297B6C-9E44-4815-9C17-297ABC4A5D46": {
        "Access Control": [
            {
                "ID": "2f29a19e-6c9e-49ac-b394-1f75864fd569",
                "Identity": {
                    "Datasource Class": "Auth",
                    "Datasource ID": "Seeq",
                    "Datasource Name": "Seeq",
                    "ID": "0BFA187F-6AC5-4DFB-8AC4-25D53EA57FEF",
                    "Name": "Everyone",
                    "Type": "UserGroup"
                },
                "Origin": null,
                "Permissions": {
                    "Manage": true,
                    "Read": true,
                    "Write": true
                },
                "Redacted": false,
                "Role": null
            },
            {
                "ID": "5c149fe9-f332-49da-9deb-02b30a0472ca",
                "Identity": {
                    "Datasource Class": "Auth",
                    "Datasource ID": "Seeq",
                    "Datasource Name": "Seeq",
                    "Email": "mark.derbecker@seeq.com",
                    "First Name": "Mark",
                    "ID": "AA61A752-1579-4191-AC30-3BBB21696D4F",
                    "Is Admin": true,
                    "Last Name": "Derbecker",
                    "Name": "Mark Derbecker",
                    "Type": "User",
                    "Username": "mark.derbecker@seeq.com"
                },
                "Origin": "4706BBDD-4846-4ED0-BE7A-0FE1E8862D64",
                "Permissions": {
                    "Manage": true,
                    "Read": true,
                    "Write": true
                },
                "Redacted": false,
                "Role": null
            },
            {
                "ID": "7bc3b6f8-b95f-4e64-9875-8cf5c70d4517",
                "Identity": {
                    "Datasource Class": "Auth",
                    "Datasource ID": "Seeq",
                    "Datasource Name": "Seeq",
                    "Email": "mark.derbecker@seeq.com",
                    "First Name": "Mark",
                    "ID": "AA61A752-1579-4191-AC30-3BBB21696D4F",
                    "Is Admin": true,
                    "Last Name": "Derbecker",
                    "Name": "Mark Derbecker",
                    "Type": "User",
                    "Username": "mark.derbecker@seeq.com"
                },
                "Origin": null,
                "Permissions": {
                    "Manage": true,
                    "Read": true,
                    "Write": true
                },
                "Redacted": false,
                "Role": null
            },
            {
                "ID": "afe16653-4709-47d1-b67b-c407800a25c1",
                "Identity": {
                    "Datasource Class": "Auth",
                    "Datasource ID": "Seeq",
                    "Datasource Name": "Seeq",
                    "Email": "mark.derbecker@seeq.com",
                    "First Name": "Mark",
                    "ID": "AA61A752-1579-4191-AC30-3BBB21696D4F",
                    "Is Admin": true,
                    "Last Name": "Derbecker",
                    "Name": "Mark Derbecker",
                    "Type": "User",
                    "Username": "mark.derbecker@seeq.com"
                },
                "Origin": null,
                "Permissions": {
                    "Manage": true,
                    "Read": true,
                    "Write": true
                },
                "Redacted": false,
                "Role": "OWNER"
            }
        ],
        "Ancestors": [],
        "Archived": false,
        "Cache Enabled": false,
        "Created At": "1542474564838000000",
        "Description": "This folder contains workbooks to illustrate import/export functionality.",
        "Enabled": true,
        "ID": "51297B6C-9E44-4815-9C17-297ABC4A5D46",
        "Name": "Example Export",
        "Owner": {
            "Datasource Class": "Auth",
            "Datasource ID": "Seeq",
            "Datasource Name": "Seeq",
            "Email": "mark.derbecker@seeq.com",
            "First Name": "Mark",
            "ID": "AA61A752-1579-4191-AC30-3BBB21696D4F",
            "Is Admin": true,
            "Last Name": "Derbecker",
            "Name": "Mark Derbecker",
            "Redacted": false,
            "Type": "User",
            "Username": "mark.derbecker@seeq.com"
        },
        "Type": "Folder",
        "Unsearchable": false,
        "Updated At": "1571753347497016700"
    },
    "C505586B-9AFE-430E-94E0-B03145AF8EFC": {
        "Archived": false,
        "Asset": null,
        "Cache Enabled": true,
        "Cache ID": "0ed8820a-e4a0-48a9-83f5-38839f2443db",
        "Data ID": "c505586b-9afe-430e-94e0-b03145af8efc",
        "Datasource Class": "Seeq Calculations",
        "Datasource ID": "Seeq Calculations",
        "Enabled": true,
        "Formula": "days()",
        "Formula Parameters": {},
        "ID": "C505586B-9AFE-430E-94E0-B03145AF8EFC",
        "Key Unit Of Measure": "ns",
        "Maximum Duration": "1.0416666666666667",
        "Maximum Interpolation": "1.0416666666666667",
        "Metadata Properties": "Day+of+Year=&Day+of+Week=&Day+of+Month=",
        "Name": "Daily 2",
        "Path": null,
        "Scoped To": "811B1488-297A-4FD2-AE7C-A1FE0E3B3641",
        "Type": "CalculatedCondition",
        "UIConfig": {
            "advancedParametersCollapsed": true,
            "duration": "days",
            "frequencies": [],
            "offset": {},
            "quarterStart": {
                "day": 1,
                "month": "Month.January"
            },
            "shift": {
                "duration": 8,
                "offset": 8
            },
            "type": "periodic-condition",
            "weekStart": "Day.Sunday"
        },
        "Unsearchable": false
    }
}