{
    "Asset Selections": [],
    "Content": [
        {
            "Asset Selection ID": null,
            "Date Range ID": "9C76D056-4EB6-40ED-AF8E-44F5B4753277",
            "Height": 393,
            "ID": "89399BEA-95F9-468C-8A8A-A0F89899C38B",
            "Name": "Calculated Items",
            "Scale": 1.0,
            "Summary Type": null,
            "Summary Value": null,
            "Type": "Content",
            "Width": 700,
            "Workbook ID": "D833DC83-9A38-48DE-BF45-EB787E9E8375",
            "Worksheet ID": "1F02C6C7-5009-4A13-9343-CDDEBB6AF7E6",
            "Workstep ID": "1945AADF-E4E3-4362-AB6A-DC5C6724E9F4",
            "selector": null
        },
        {
            "Asset Selection ID": null,
            "Date Range ID": "179D0B7D-BCD4-4221-A7CE-5F22526CB333",
            "Height": 262,
            "ID": "79F91706-A9DC-4B56-BA4E-461CC5339EF8",
            "Name": "Calculated Items",
            "Scale": 1.0,
            "Summary Type": null,
            "Summary Value": null,
            "Type": "Content",
            "Width": 1050,
            "Workbook ID": "D833DC83-9A38-48DE-BF45-EB787E9E8375",
            "Worksheet ID": "1F02C6C7-5009-4A13-9343-CDDEBB6AF7E6",
            "Workstep ID": "1945AADF-E4E3-4362-AB6A-DC5C6724E9F4",
            "selector": null
        },
        {
            "Asset Selection ID": null,
            "Date Range ID": "41682646-A6E7-4ABB-B580-0ED45EC6D10D",
            "Height": 590,
            "ID": "3FADF54E-F8E5-43DB-A15B-611734A1D80E",
            "Name": "Details Pane",
            "Scale": 1.0,
            "Summary Type": null,
            "Summary Value": null,
            "Type": "Content",
            "Width": 1050,
            "Workbook ID": "D833DC83-9A38-48DE-BF45-EB787E9E8375",
            "Worksheet ID": "F255BF0D-CCE1-4021-B863-B121FB605913",
            "Workstep ID": "108C566D-6293-4075-BBD5-C22E174F00AE",
            "selector": null
        },
        {
            "Asset Selection ID": null,
            "Date Range ID": "82FF19E1-36A7-4A0D-A3E2-44141D8B4145",
            "Height": 1050,
            "ID": "3D2E5212-0CEB-4AB2-B2FD-605F402C8226",
            "Name": "Metrics",
            "Scale": 1.0,
            "Summary Type": null,
            "Summary Value": null,
            "Type": "Content",
            "Width": 1050,
            "Workbook ID": "D833DC83-9A38-48DE-BF45-EB787E9E8375",
            "Worksheet ID": "99E1E62B-69F1-4FFB-8649-3225820A7DFB",
            "Workstep ID": "38151CE5-B36E-4D77-AD00-1995F886CFD2",
            "selector": null
        }
    ],
    "Date Ranges": [
        {
            "Archived": false,
            "Auto Duration": "259200.0s",
            "Auto Enabled": true,
            "Auto Offset": "0min",
            "Auto Offset Direction": "Past",
            "Condition ID": "13830E96-9EAF-4F98-A303-6F05E23E95B3",
            "Enabled": true,
            "ID": "9C76D056-4EB6-40ED-AF8E-44F5B4753277",
            "Name": "Yesterday",
            "Type": "DateRange"
        },
        {
            "Archived": false,
            "Auto Duration": "259200.0s",
            "Auto Enabled": true,
            "Auto Offset": "0min",
            "Auto Offset Direction": "Past",
            "Condition ID": "13830E96-9EAF-4F98-A303-6F05E23E95B3",
            "Enabled": true,
            "ID": "179D0B7D-BCD4-4221-A7CE-5F22526CB333",
            "Name": "Today",
            "Type": "DateRange"
        },
        {
            "Archived": false,
            "Auto Duration": "3600.0s",
            "Auto Enabled": true,
            "Auto Offset": "0min",
            "Auto Offset Direction": "Past",
            "Enabled": true,
            "ID": "41682646-A6E7-4ABB-B580-0ED45EC6D10D",
            "Name": "Last Hour",
            "Type": "DateRange"
        },
        {
            "Archived": false,
            "Auto Duration": "3600.0s",
            "Auto Enabled": true,
            "Auto Offset": "2h",
            "Auto Offset Direction": "Past",
            "Enabled": true,
            "ID": "82FF19E1-36A7-4A0D-A3E2-44141D8B4145",
            "Name": "Two Hours Ago",
            "Type": "DateRange"
        }
    ],
    "Schedule": null
}