{
    "Asset Selections": [],
    "Content": [
        {
            "Asset Selection ID": null,
            "Date Range ID": null,
            "Height": 393,
            "ID": "2DF4FC9C-3813-4D84-BFE5-53A9255D2015",
            "Name": "Histogram",
            "Scale": 1.0,
            "Summary Type": null,
            "Summary Value": null,
            "Type": "Content",
            "Width": 700,
            "Workbook ID": "D833DC83-9A38-48DE-BF45-EB787E9E8375",
            "Worksheet ID": "BFB529B8-F127-49FC-81B3-55BCCE4CC2B1",
            "Workstep ID": "89535DFA-9A1A-4E75-BF3E-32048EB2B7F5",
            "selector": null
        },
        {
            "Asset Selection ID": null,
            "Date Range ID": null,
            "Height": 393,
            "ID": "623F12D3-5A33-48A3-96F6-DE99F5914101",
            "Name": "Calculated Items",
            "Scale": 1.0,
            "Summary Type": null,
            "Summary Value": null,
            "Type": "Content",
            "Width": 700,
            "Workbook ID": "D833DC83-9A38-48DE-BF45-EB787E9E8375",
            "Worksheet ID": "1F02C6C7-5009-4A13-9343-CDDEBB6AF7E6",
            "Workstep ID": "221933FE-7956-4888-A3C9-AF1F3971EBA5",
            "selector": null
        },
        {
            "Asset Selection ID": null,
            "Date Range ID": null,
            "Height": 393,
            "ID": "EF9F18FC-FF98-4B38-AE89-01D24EE208E6",
            "Name": "Details Pane",
            "Scale": 1.0,
            "Summary Type": null,
            "Summary Value": null,
            "Type": "Content",
            "Width": 700,
            "Workbook ID": "D833DC83-9A38-48DE-BF45-EB787E9E8375",
            "Worksheet ID": "F255BF0D-CCE1-4021-B863-B121FB605913",
            "Workstep ID": "79B86A9F-43CE-47BD-9C29-8940BF6B5D6C",
            "selector": null
        }
    ],
    "Date Ranges": [],
    "Schedule": null
}