{
    "Archived": false,
    "Cache Enabled": false,
    "Created At": "1541999833926000000",
    "Data": "{}",
    "Enabled": true,
    "ID": "811B1488-297A-4FD2-AE7C-A1FE0E3B3641",
    "Unsearchable": false,
    "Updated At": "1596164885038681900",
    "workbookState": {
        "version": 1,
        "state": {
            "stores": {
                "sqAnnotationStore": {
                    "id": "id-placeholder",
                    "isEditing": true,
                    "isExpanded": false,
                    "width": 0,
                    "height": 0,
                    "isCommentsExpanded": false,
                    "isAnnotatesExpanded": false
                }
            }
        }
    },
    "Name": "Example Topic",
    "Type": "Workbook",
    "Workbook Type": "Topic",
    "Path": "Shared >> Example Export",
    "Owner": {
        "ID": "AA61A752-1579-4191-AC30-3BBB21696D4F",
        "Type": "User",
        "Name": "Mark Derbecker",
        "Username": "mark.derbecker@seeq.com",
        "First Name": "Mark",
        "Last Name": "Derbecker",
        "Email": "mark.derbecker@seeq.com",
        "Is Admin": true,
        "Datasource Class": "Auth",
        "Datasource ID": "Seeq",
        "Datasource Name": "Seeq",
        "Redacted": false
    },
    "Access Control": [
        {
            "ID": "c8a85229-e137-47c2-983f-284b5eaeac26",
            "Role": null,
            "Origin": "51297B6C-9E44-4815-9C17-297ABC4A5D46",
            "Permissions": {
                "Read": true,
                "Write": true,
                "Manage": true
            },
            "Redacted": false,
            "Identity": {
                "ID": "0BFA187F-6AC5-4DFB-8AC4-25D53EA57FEF",
                "Type": "UserGroup",
                "Name": "Everyone",
                "Datasource Class": "Auth",
                "Datasource ID": "Seeq",
                "Datasource Name": "Seeq"
            }
        },
        {
            "ID": "ab8fedbb-5f3e-4deb-9470-758466c12e53",
            "Role": null,
            "Origin": "51297B6C-9E44-4815-9C17-297ABC4A5D46",
            "Permissions": {
                "Read": true,
                "Write": true,
                "Manage": true
            },
            "Redacted": false,
            "Identity": {
                "ID": "AA61A752-1579-4191-AC30-3BBB21696D4F",
                "Type": "User",
                "Name": "Mark Derbecker",
                "Username": "mark.derbecker@seeq.com",
                "First Name": "Mark",
                "Last Name": "Derbecker",
                "Email": "mark.derbecker@seeq.com",
                "Is Admin": true,
                "Datasource Class": "Auth",
                "Datasource ID": "Seeq",
                "Datasource Name": "Seeq"
            }
        },
        {
            "ID": "65ffed10-2a95-42de-ab80-e6ef57f3ebc6",
            "Role": null,
            "Origin": null,
            "Permissions": {
                "Read": true,
                "Write": true,
                "Manage": true
            },
            "Redacted": false,
            "Identity": {
                "ID": "AA61A752-1579-4191-AC30-3BBB21696D4F",
                "Type": "User",
                "Name": "Mark Derbecker",
                "Username": "mark.derbecker@seeq.com",
                "First Name": "Mark",
                "Last Name": "Derbecker",
                "Email": "mark.derbecker@seeq.com",
                "Is Admin": true,
                "Datasource Class": "Auth",
                "Datasource ID": "Seeq",
                "Datasource Name": "Seeq"
            }
        },
        {
            "ID": "3dd5c8b7-a78c-4420-a739-c9aacf6b6234",
            "Role": "OWNER",
            "Origin": null,
            "Permissions": {
                "Read": true,
                "Write": true,
                "Manage": true
            },
            "Redacted": false,
            "Identity": {
                "ID": "AA61A752-1579-4191-AC30-3BBB21696D4F",
                "Type": "User",
                "Name": "Mark Derbecker",
                "Username": "mark.derbecker@seeq.com",
                "First Name": "Mark",
                "Last Name": "Derbecker",
                "Email": "mark.derbecker@seeq.com",
                "Is Admin": true,
                "Datasource Class": "Auth",
                "Datasource ID": "Seeq",
                "Datasource Name": "Seeq"
            }
        }
    ],
    "Ancestors": [
        "__Shared__",
        "51297B6C-9E44-4815-9C17-297ABC4A5D46"
    ],
    "Original Server URL": "http://localhost:34216",
    "URL": "http://localhost:34216/51297B6C-9E44-4815-9C17-297ABC4A5D46/workbook/811B1488-297A-4FD2-AE7C-A1FE0E3B3641/worksheet/E5B84916-5962-49A7-9987-052CF80CD077",
    "Search Folder ID": "51297B6C-9E44-4815-9C17-297ABC4A5D46",
    "Isolate By User": true,
    "Worksheets": [
        "E5B84916-5962-49A7-9987-052CF80CD077",
        "50A98248-9FBB-4A28-BD3E-CEE434BD359D"
    ]
}