{
    "Archived": false,
    "Cache Enabled": false,
    "Created At": "1541999833991000000",
    "Enabled": true,
    "ID": "E5B84916-5962-49A7-9987-052CF80CD077",
    "Unsearchable": false,
    "Updated At": "1542832750654000000",
    "Name": "Static Doc",
    "Type": "Worksheet",
    "Annotation ID": "CF590E20-AA52-441E-81E3-554C7F893FBA",
    "URL": "http://localhost:34216/51297B6C-9E44-4815-9C17-297ABC4A5D46/workbook/811B1488-297A-4FD2-AE7C-A1FE0E3B3641/worksheet/E5B84916-5962-49A7-9987-052CF80CD077"
}