{
    "Archived": false,
    "Cache Enabled": false,
    "Created At": "1542832966441000000",
    "Enabled": true,
    "ID": "50A98248-9FBB-4A28-BD3E-CEE434BD359D",
    "Unsearchable": false,
    "Updated At": "1596164885038681900",
    "Name": "Live Doc",
    "Type": "Worksheet",
    "Annotation ID": "39393625-5DC4-4626-A83B-2DD9A252830D",
    "URL": "http://localhost:34216/51297B6C-9E44-4815-9C17-297ABC4A5D46/workbook/811B1488-297A-4FD2-AE7C-A1FE0E3B3641/worksheet/50A98248-9FBB-4A28-BD3E-CEE434BD359D"
}