{
    "Asset Selections": [],
    "Content": [
        {
            "Asset Selection ID": null,
            "Date Range ID": "FD01327F-0B7D-4309-9946-73A367FAFF73",
            "Height": 394,
            "ID": "25AF462C-602A-4E13-B50D-5DEB92CB37B5",
            "Name": "content_C9BAE059-F996-46B8-AEC2-6FB62A45400A_68572CD6-F53A-4E60-94EB-EA5EA01B20E1",
            "Scale": 1.0,
            "Summary Type": null,
            "Summary Value": null,
            "Type": "Content",
            "Width": 700,
            "Workbook ID": "F01FD57A-1112-4020-9430-CF27C2847D1B",
            "Worksheet ID": "C9BAE059-F996-46B8-AEC2-6FB62A45400A",
            "Workstep ID": "68572CD6-F53A-4E60-94EB-EA5EA01B20E1",
            "selector": null
        },
        {
            "Asset Selection ID": null,
            "Date Range ID": "FD01327F-0B7D-4309-9946-73A367FAFF73",
            "Height": 394,
            "ID": "76B4412D-3B08-48B7-ABF9-ED8432DAA5CE",
            "Name": "content_DD3B2965-F10E-4BC5-B822-9AE278FD9147_3DEA1A9E-9CB0-4405-B175-E69095D3B38F",
            "Scale": 1.0,
            "Summary Type": null,
            "Summary Value": null,
            "Type": "Content",
            "Width": 700,
            "Workbook ID": "F01FD57A-1112-4020-9430-CF27C2847D1B",
            "Worksheet ID": "DD3B2965-F10E-4BC5-B822-9AE278FD9147",
            "Workstep ID": "3DEA1A9E-9CB0-4405-B175-E69095D3B38F",
            "selector": null
        },
        {
            "Asset Selection ID": null,
            "Date Range ID": "FD01327F-0B7D-4309-9946-73A367FAFF73",
            "Height": 394,
            "ID": "44392AAB-D443-4D2D-ACF0-055869875558",
            "Name": "content_964FB305-FCF1-4D6A-B999-6E9C68C07119_BA4774B2-1FAC-4FC6-AE35-B0458BA8CE1A",
            "Scale": 1.0,
            "Summary Type": null,
            "Summary Value": null,
            "Type": "Content",
            "Width": 700,
            "Workbook ID": "F01FD57A-1112-4020-9430-CF27C2847D1B",
            "Worksheet ID": "964FB305-FCF1-4D6A-B999-6E9C68C07119",
            "Workstep ID": "BA4774B2-1FAC-4FC6-AE35-B0458BA8CE1A",
            "selector": null
        },
        {
            "Asset Selection ID": null,
            "Date Range ID": "FD01327F-0B7D-4309-9946-73A367FAFF73",
            "Height": 394,
            "ID": "D4F167B3-E8BA-4FAA-86B3-05877E2D4250",
            "Name": "content_6481C68A-DE78-47FC-A908-E79410B37FB9_CF25B5AD-D526-4499-AE0E-B42B7885BE09",
            "Scale": 1.0,
            "Summary Type": null,
            "Summary Value": null,
            "Type": "Content",
            "Width": 700,
            "Workbook ID": "F01FD57A-1112-4020-9430-CF27C2847D1B",
            "Worksheet ID": "6481C68A-DE78-47FC-A908-E79410B37FB9",
            "Workstep ID": "CF25B5AD-D526-4499-AE0E-B42B7885BE09",
            "selector": ".screenshotSizeToContent"
        }
    ],
    "Date Ranges": [
        {
            "Archived": false,
            "Enabled": true,
            "End": "2022-06-23T03:33:58.132000+00:00",
            "ID": "FD01327F-0B7D-4309-9946-73A367FAFF73",
            "Name": "One Week",
            "Start": "2022-06-16T03:33:58.132000+00:00",
            "Type": "DateRange"
        }
    ],
    "Schedule": null
}