{
    "Archived": false,
    "Cache Enabled": false,
    "Created At": "1655953903352115600",
    "Enabled": true,
    "ID": "90931EF8-D80B-4F22-8568-3683DD806D50",
    "Unsearchable": false,
    "Updated At": "1655955300424353000",
    "workbookState": {
        "version": 1,
        "state": {
            "stores": {
                "sqAnnotationStore": {
                    "id": "id-placeholder",
                    "isEditing": true,
                    "isExpanded": false,
                    "width": 0,
                    "height": 0,
                    "isCommentsExpanded": false,
                    "isAnnotatesExpanded": false
                }
            }
        }
    },
    "Name": "Topic Template",
    "Type": "Workbook",
    "Workbook Type": "Topic",
    "Path": "Users >> mark.derbecker@seeq.com >> Workbook Templates",
    "Owner": {
        "ID": "AA61A752-1579-4191-AC30-3BBB21696D4F",
        "Type": "User",
        "Name": "Mark Derbecker",
        "Username": "mark.derbecker@seeq.com",
        "First Name": "Mark",
        "Last Name": "Derbecker",
        "Email": "mark.derbecker@seeq.com",
        "Is Admin": true,
        "Datasource Class": "Auth",
        "Datasource ID": "Seeq",
        "Datasource Name": "Seeq",
        "Redacted": false
    },
    "Access Control": [
        {
            "ID": "957b2222-855b-4d2e-81c4-bfbd5eac5a1b",
            "Role": null,
            "Origin": "8305C0C8-8CA8-490F-BE42-54534669D749",
            "Permissions": {
                "Read": true,
                "Write": true,
                "Manage": true
            },
            "Redacted": false,
            "Identity": {
                "ID": "AA61A752-1579-4191-AC30-3BBB21696D4F",
                "Type": "User",
                "Name": "Mark Derbecker",
                "Username": "mark.derbecker@seeq.com",
                "First Name": "Mark",
                "Last Name": "Derbecker",
                "Email": "mark.derbecker@seeq.com",
                "Is Admin": true,
                "Datasource Class": "Auth",
                "Datasource ID": "Seeq",
                "Datasource Name": "Seeq"
            }
        },
        {
            "ID": "d5bfb299-9eed-4513-9d57-4cbd7848515a",
            "Role": "OWNER",
            "Origin": null,
            "Permissions": {
                "Read": true,
                "Write": true,
                "Manage": true
            },
            "Redacted": false,
            "Identity": {
                "ID": "AA61A752-1579-4191-AC30-3BBB21696D4F",
                "Type": "User",
                "Name": "Mark Derbecker",
                "Username": "mark.derbecker@seeq.com",
                "First Name": "Mark",
                "Last Name": "Derbecker",
                "Email": "mark.derbecker@seeq.com",
                "Is Admin": true,
                "Datasource Class": "Auth",
                "Datasource ID": "Seeq",
                "Datasource Name": "Seeq"
            }
        }
    ],
    "Ancestors": [
        "__Users__",
        "4706BBDD-4846-4ED0-BE7A-0FE1E8862D64",
        "8305C0C8-8CA8-490F-BE42-54534669D749"
    ],
    "Original Server URL": "http://localhost:34216",
    "URL": "http://localhost:34216/8305C0C8-8CA8-490F-BE42-54534669D749/workbook/90931EF8-D80B-4F22-8568-3683DD806D50/worksheet/54BBBA81-A634-49E7-8891-57DD8D2DC468",
    "Search Folder ID": "8305C0C8-8CA8-490F-BE42-54534669D749",
    "Worksheets": [
        "54BBBA81-A634-49E7-8891-57DD8D2DC468"
    ]
}