{
    "Archived": false,
    "Cache Enabled": false,
    "Created At": "1655955091966017600",
    "Enabled": true,
    "ID": "54BBBA81-A634-49E7-8891-57DD8D2DC468",
    "Unsearchable": false,
    "Updated At": "1655955300424353000",
    "Name": "Doc Template",
    "Type": "Worksheet",
    "Annotation ID": "6A0C119E-56A8-44D0-B713-155336A6773E",
    "URL": "http://localhost:34216/8305C0C8-8CA8-490F-BE42-54534669D749/workbook/90931EF8-D80B-4F22-8568-3683DD806D50/worksheet/54BBBA81-A634-49E7-8891-57DD8D2DC468"
}