{
    "3326B447-6C06-4EF1-981E-5F7AABB5B5A6": {
        "Access Control": [
            {
                "ID": "c29215ba-26ff-4e58-9cf0-fac5781f9710",
                "Identity": {
                    "Datasource Class": "Auth",
                    "Datasource ID": "Seeq",
                    "Datasource Name": "Seeq",
                    "Email": "mark.derbecker@seeq.com",
                    "First Name": "Mark",
                    "ID": "AA61A752-1579-4191-AC30-3BBB21696D4F",
                    "Is Admin": true,
                    "Last Name": "Derbecker",
                    "Name": "Mark Derbecker",
                    "Type": "User",
                    "Username": "mark.derbecker@seeq.com"
                },
                "Origin": null,
                "Permissions": {
                    "Manage": true,
                    "Read": true,
                    "Write": true
                },
                "Redacted": false,
                "Role": "OWNER"
            },
            {
                "ID": "de7914b0-5eae-46a6-bec4-cd1ed2b7f40b",
                "Identity": {
                    "Datasource Class": "Auth",
                    "Datasource ID": "Seeq",
                    "Datasource Name": "Seeq",
                    "Email": "mark.derbecker@seeq.com",
                    "First Name": "Mark",
                    "ID": "AA61A752-1579-4191-AC30-3BBB21696D4F",
                    "Is Admin": true,
                    "Last Name": "Derbecker",
                    "Name": "Mark Derbecker",
                    "Type": "User",
                    "Username": "mark.derbecker@seeq.com"
                },
                "Origin": "4706BBDD-4846-4ED0-BE7A-0FE1E8862D64",
                "Permissions": {
                    "Manage": true,
                    "Read": true,
                    "Write": true
                },
                "Redacted": false,
                "Role": null
            }
        ],
        "Ancestors": [],
        "Archived": false,
        "Cache Enabled": false,
        "Created At": "1655947473552586700",
        "Description": "Analysis and Topic templates for use by the Report and Dashboard Templates documentation notebook.",
        "Enabled": true,
        "ID": "3326B447-6C06-4EF1-981E-5F7AABB5B5A6",
        "Name": "Report and Dashboard Templates",
        "Owner": {
            "Datasource Class": "Auth",
            "Datasource ID": "Seeq",
            "Datasource Name": "Seeq",
            "Email": "mark.derbecker@seeq.com",
            "First Name": "Mark",
            "ID": "AA61A752-1579-4191-AC30-3BBB21696D4F",
            "Is Admin": true,
            "Last Name": "Derbecker",
            "Name": "Mark Derbecker",
            "Redacted": false,
            "Type": "User",
            "Username": "mark.derbecker@seeq.com"
        },
        "Type": "Folder",
        "Unsearchable": false,
        "Updated At": "1655947473552586700"
    },
    "4706BBDD-4846-4ED0-BE7A-0FE1E8862D64": {
        "Access Control": [
            {
                "ID": "21aa3a0f-8c3f-4cbc-ba91-6eb817d56da1",
                "Identity": {
                    "Datasource Class": "Auth",
                    "Datasource ID": "Seeq",
                    "Datasource Name": "Seeq",
                    "Email": "mark.derbecker@seeq.com",
                    "First Name": "Mark",
                    "ID": "AA61A752-1579-4191-AC30-3BBB21696D4F",
                    "Is Admin": true,
                    "Last Name": "Derbecker",
                    "Name": "Mark Derbecker",
                    "Type": "User",
                    "Username": "mark.derbecker@seeq.com"
                },
                "Origin": null,
                "Permissions": {
                    "Manage": true,
                    "Read": true,
                    "Write": true
                },
                "Redacted": false,
                "Role": "OWNER"
            }
        ],
        "Ancestors": [],
        "Archived": false,
        "Cache Enabled": false,
        "Created At": "1654313433632766100",
        "Enabled": true,
        "ID": "4706BBDD-4846-4ED0-BE7A-0FE1E8862D64",
        "Name": "mark.derbecker@seeq.com",
        "Owner": {
            "Datasource Class": "Auth",
            "Datasource ID": "Seeq",
            "Datasource Name": "Seeq",
            "Email": "mark.derbecker@seeq.com",
            "First Name": "Mark",
            "ID": "AA61A752-1579-4191-AC30-3BBB21696D4F",
            "Is Admin": true,
            "Last Name": "Derbecker",
            "Name": "Mark Derbecker",
            "Redacted": false,
            "Type": "User",
            "Username": "mark.derbecker@seeq.com"
        },
        "Permission Inheritance Disabled": true,
        "Type": "Folder",
        "Unmodifiable": true,
        "Unsearchable": true,
        "Updated At": "1654313433632766100"
    }
}