{
    "Asset Selections": [],
    "Content": [
        {
            "Asset Selection ID": null,
            "Date Range ID": "58A15610-579B-4A74-A592-4ADE162053EC",
            "Height": 591,
            "ID": "BFA05D82-D900-44B0-95C8-4AE8B26F01BE",
            "Name": "content_86DACAC6-9BDA-4B54-A3CF-0C29C37E0648_39AF2F17-938C-4FF7-A7E1-EE10665C763C",
            "Scale": 1.0,
            "Summary Type": null,
            "Summary Value": null,
            "Type": "Content",
            "Width": 1050,
            "Workbook ID": "FADE0364-E39C-41AD-BA33-95198583B63D",
            "Worksheet ID": "86DACAC6-9BDA-4B54-A3CF-0C29C37E0648",
            "Workstep ID": "39AF2F17-938C-4FF7-A7E1-EE10665C763C",
            "selector": null
        }
    ],
    "Date Ranges": [
        {
            "Archived": false,
            "Auto Duration": "172800.0s",
            "Auto Enabled": true,
            "Auto Offset": "0min",
            "Auto Offset Direction": "Past",
            "Enabled": true,
            "ID": "58A15610-579B-4A74-A592-4ADE162053EC",
            "Name": "Last Two Days Live",
            "Type": "DateRange"
        }
    ],
    "Schedule": {
        "Background": false,
        "Cron Schedule": [
            "*/5 * * * * ?"
        ]
    }
}