{
    "Archived": false,
    "Cache Enabled": false,
    "Created At": "1655947868657236400",
    "Enabled": true,
    "ID": "14079DF9-319F-4181-AEC1-9A4D48EF310B",
    "Unsearchable": false,
    "Updated At": "1655954031086217200",
    "workbookState": {
        "version": 1,
        "state": {
            "stores": {}
        }
    },
    "Name": "Topic Template",
    "Type": "Workbook",
    "Workbook Type": "Topic",
    "Path": "Users >> mark.derbecker@seeq.com >> Report and Dashboard Templates",
    "Owner": {
        "ID": "AA61A752-1579-4191-AC30-3BBB21696D4F",
        "Type": "User",
        "Name": "Mark Derbecker",
        "Username": "mark.derbecker@seeq.com",
        "First Name": "Mark",
        "Last Name": "Derbecker",
        "Email": "mark.derbecker@seeq.com",
        "Is Admin": true,
        "Datasource Class": "Auth",
        "Datasource ID": "Seeq",
        "Datasource Name": "Seeq",
        "Redacted": false
    },
    "Access Control": [
        {
            "ID": "dbe35c62-af8f-4545-ba65-52d5299509dd",
            "Role": "OWNER",
            "Origin": null,
            "Permissions": {
                "Read": true,
                "Write": true,
                "Manage": true
            },
            "Redacted": false,
            "Identity": {
                "ID": "AA61A752-1579-4191-AC30-3BBB21696D4F",
                "Type": "User",
                "Name": "Mark Derbecker",
                "Username": "mark.derbecker@seeq.com",
                "First Name": "Mark",
                "Last Name": "Derbecker",
                "Email": "mark.derbecker@seeq.com",
                "Is Admin": true,
                "Datasource Class": "Auth",
                "Datasource ID": "Seeq",
                "Datasource Name": "Seeq"
            }
        },
        {
            "ID": "4aa0a162-cbfe-4aa0-9258-46dbedcb6c72",
            "Role": null,
            "Origin": "3326B447-6C06-4EF1-981E-5F7AABB5B5A6",
            "Permissions": {
                "Read": true,
                "Write": true,
                "Manage": true
            },
            "Redacted": false,
            "Identity": {
                "ID": "AA61A752-1579-4191-AC30-3BBB21696D4F",
                "Type": "User",
                "Name": "Mark Derbecker",
                "Username": "mark.derbecker@seeq.com",
                "First Name": "Mark",
                "Last Name": "Derbecker",
                "Email": "mark.derbecker@seeq.com",
                "Is Admin": true,
                "Datasource Class": "Auth",
                "Datasource ID": "Seeq",
                "Datasource Name": "Seeq"
            }
        }
    ],
    "Ancestors": [
        "__Users__",
        "4706BBDD-4846-4ED0-BE7A-0FE1E8862D64",
        "3326B447-6C06-4EF1-981E-5F7AABB5B5A6"
    ],
    "Original Server URL": "http://localhost:34216",
    "URL": "http://localhost:34216/3326B447-6C06-4EF1-981E-5F7AABB5B5A6/workbook/14079DF9-319F-4181-AEC1-9A4D48EF310B/worksheet/4DD085C0-E751-4715-A907-67B0CE7D7C29",
    "Search Folder ID": "3326B447-6C06-4EF1-981E-5F7AABB5B5A6",
    "Worksheets": [
        "4DD085C0-E751-4715-A907-67B0CE7D7C29"
    ]
}