{
    "Archived": false,
    "Cache Enabled": false,
    "Created At": "1655947868716233400",
    "Enabled": true,
    "ID": "4DD085C0-E751-4715-A907-67B0CE7D7C29",
    "Unsearchable": false,
    "Updated At": "1655948325401576300",
    "Name": "Facility Template",
    "Type": "Worksheet",
    "Annotation ID": "F5E5AEF1-D56B-41B9-881A-EC4A2EF52A67",
    "URL": "http://localhost:34216/3326B447-6C06-4EF1-981E-5F7AABB5B5A6/workbook/14079DF9-319F-4181-AEC1-9A4D48EF310B/worksheet/4DD085C0-E751-4715-A907-67B0CE7D7C29"
}